[
  {
    "name": "Process Start",
    "start": 1675143728222,
    "end": 1675143729683,
    "duration": 1461,
    "pid": 27696,
    "index": 0
  },
  {
    "name": "Application Start",
    "start": 1675143729684,
    "end": 1675143730790,
    "duration": 1106,
    "pid": 27696,
    "index": 1
  },
  {
    "name": "Load Plugin",
    "start": 1675143729688,
    "end": 1675143729709,
    "duration": 21,
    "pid": 27696,
    "index": 2
  },
  {
    "name": "Load Config",
    "start": 1675143729709,
    "end": 1675143729756,
    "duration": 47,
    "pid": 27696,
    "index": 3
  },
  {
    "name": "Require(0) config/config.default.js",
    "start": 1675143729711,
    "end": 1675143729713,
    "duration": 2,
    "pid": 27696,
    "index": 4
  },
  {
    "name": "Require(1) node_modules/egg-session/config/config.default.js",
    "start": 1675143729715,
    "end": 1675143729716,
    "duration": 1,
    "pid": 27696,
    "index": 5
  },
  {
    "name": "Require(2) node_modules/egg-security/config/config.default.js",
    "start": 1675143729716,
    "end": 1675143729716,
    "duration": 0,
    "pid": 27696,
    "index": 6
  },
  {
    "name": "Require(3) node_modules/egg-jsonp/config/config.default.js",
    "start": 1675143729717,
    "end": 1675143729718,
    "duration": 1,
    "pid": 27696,
    "index": 7
  },
  {
    "name": "Require(4) node_modules/egg-onerror/config/config.default.js",
    "start": 1675143729718,
    "end": 1675143729719,
    "duration": 1,
    "pid": 27696,
    "index": 8
  },
  {
    "name": "Require(5) node_modules/egg-i18n/config/config.default.js",
    "start": 1675143729719,
    "end": 1675143729719,
    "duration": 0,
    "pid": 27696,
    "index": 9
  },
  {
    "name": "Require(6) node_modules/egg-watcher/config/config.default.js",
    "start": 1675143729720,
    "end": 1675143729720,
    "duration": 0,
    "pid": 27696,
    "index": 10
  },
  {
    "name": "Require(7) node_modules/egg-schedule/config/config.default.js",
    "start": 1675143729721,
    "end": 1675143729721,
    "duration": 0,
    "pid": 27696,
    "index": 11
  },
  {
    "name": "Require(8) node_modules/egg-multipart/config/config.default.js",
    "start": 1675143729722,
    "end": 1675143729722,
    "duration": 0,
    "pid": 27696,
    "index": 12
  },
  {
    "name": "Require(9) node_modules/egg-development/config/config.default.js",
    "start": 1675143729723,
    "end": 1675143729723,
    "duration": 0,
    "pid": 27696,
    "index": 13
  },
  {
    "name": "Require(10) node_modules/egg-logrotator/config/config.default.js",
    "start": 1675143729723,
    "end": 1675143729724,
    "duration": 1,
    "pid": 27696,
    "index": 14
  },
  {
    "name": "Require(11) node_modules/egg-static/config/config.default.js",
    "start": 1675143729724,
    "end": 1675143729724,
    "duration": 0,
    "pid": 27696,
    "index": 15
  },
  {
    "name": "Require(12) node_modules/egg-view/config/config.default.js",
    "start": 1675143729725,
    "end": 1675143729725,
    "duration": 0,
    "pid": 27696,
    "index": 16
  },
  {
    "name": "Require(13) node_modules/egg-view-nunjucks/config/config.default.js",
    "start": 1675143729726,
    "end": 1675143729726,
    "duration": 0,
    "pid": 27696,
    "index": 17
  },
  {
    "name": "Require(14) node_modules/egg-mongoose/config/config.default.js",
    "start": 1675143729727,
    "end": 1675143729732,
    "duration": 5,
    "pid": 27696,
    "index": 18
  },
  {
    "name": "Require(15) node_modules/egg-cors/config/config.default.js",
    "start": 1675143729734,
    "end": 1675143729735,
    "duration": 1,
    "pid": 27696,
    "index": 19
  },
  {
    "name": "Require(16) node_modules/egg-jwt/config/config.default.js",
    "start": 1675143729736,
    "end": 1675143729737,
    "duration": 1,
    "pid": 27696,
    "index": 20
  },
  {
    "name": "Require(17) node_modules/egg/config/config.default.js",
    "start": 1675143729737,
    "end": 1675143729738,
    "duration": 1,
    "pid": 27696,
    "index": 21
  },
  {
    "name": "Require(18) config/config.default.js",
    "start": 1675143729739,
    "end": 1675143729739,
    "duration": 0,
    "pid": 27696,
    "index": 22
  },
  {
    "name": "Require(19) node_modules/egg-security/config/config.local.js",
    "start": 1675143729740,
    "end": 1675143729740,
    "duration": 0,
    "pid": 27696,
    "index": 23
  },
  {
    "name": "Require(20) node_modules/egg-watcher/config/config.local.js",
    "start": 1675143729741,
    "end": 1675143729742,
    "duration": 1,
    "pid": 27696,
    "index": 24
  },
  {
    "name": "Require(21) node_modules/egg-view/config/config.local.js",
    "start": 1675143729746,
    "end": 1675143729749,
    "duration": 3,
    "pid": 27696,
    "index": 25
  },
  {
    "name": "Require(22) node_modules/egg-view-nunjucks/config/config.local.js",
    "start": 1675143729750,
    "end": 1675143729751,
    "duration": 1,
    "pid": 27696,
    "index": 26
  },
  {
    "name": "Require(23) node_modules/egg/config/config.local.js",
    "start": 1675143729754,
    "end": 1675143729756,
    "duration": 2,
    "pid": 27696,
    "index": 27
  },
  {
    "name": "Load extend/application.js",
    "start": 1675143729757,
    "end": 1675143729896,
    "duration": 139,
    "pid": 27696,
    "index": 28
  },
  {
    "name": "Require(24) node_modules/egg-session/app/extend/application.js",
    "start": 1675143729758,
    "end": 1675143729759,
    "duration": 1,
    "pid": 27696,
    "index": 29
  },
  {
    "name": "Require(25) node_modules/egg-security/app/extend/application.js",
    "start": 1675143729760,
    "end": 1675143729766,
    "duration": 6,
    "pid": 27696,
    "index": 30
  },
  {
    "name": "Require(26) node_modules/egg-jsonp/app/extend/application.js",
    "start": 1675143729768,
    "end": 1675143729772,
    "duration": 4,
    "pid": 27696,
    "index": 31
  },
  {
    "name": "Require(27) node_modules/egg-schedule/app/extend/application.js",
    "start": 1675143729773,
    "end": 1675143729776,
    "duration": 3,
    "pid": 27696,
    "index": 32
  },
  {
    "name": "Require(28) node_modules/egg-logrotator/app/extend/application.js",
    "start": 1675143729779,
    "end": 1675143729784,
    "duration": 5,
    "pid": 27696,
    "index": 33
  },
  {
    "name": "Require(29) node_modules/egg-view/app/extend/application.js",
    "start": 1675143729785,
    "end": 1675143729787,
    "duration": 2,
    "pid": 27696,
    "index": 34
  },
  {
    "name": "Require(30) node_modules/egg-view-nunjucks/app/extend/application.js",
    "start": 1675143729787,
    "end": 1675143729821,
    "duration": 34,
    "pid": 27696,
    "index": 35
  },
  {
    "name": "Require(31) node_modules/egg-jwt/app/extend/application.js",
    "start": 1675143729823,
    "end": 1675143729890,
    "duration": 67,
    "pid": 27696,
    "index": 36
  },
  {
    "name": "Load extend/request.js",
    "start": 1675143729896,
    "end": 1675143729908,
    "duration": 12,
    "pid": 27696,
    "index": 37
  },
  {
    "name": "Require(32) node_modules/egg/app/extend/request.js",
    "start": 1675143729902,
    "end": 1675143729903,
    "duration": 1,
    "pid": 27696,
    "index": 38
  },
  {
    "name": "Load extend/response.js",
    "start": 1675143729908,
    "end": 1675143729920,
    "duration": 12,
    "pid": 27696,
    "index": 39
  },
  {
    "name": "Require(33) node_modules/egg/app/extend/response.js",
    "start": 1675143729912,
    "end": 1675143729915,
    "duration": 3,
    "pid": 27696,
    "index": 40
  },
  {
    "name": "Load extend/context.js",
    "start": 1675143729920,
    "end": 1675143729961,
    "duration": 41,
    "pid": 27696,
    "index": 41
  },
  {
    "name": "Require(34) node_modules/egg-security/app/extend/context.js",
    "start": 1675143729921,
    "end": 1675143729934,
    "duration": 13,
    "pid": 27696,
    "index": 42
  },
  {
    "name": "Require(35) node_modules/egg-jsonp/app/extend/context.js",
    "start": 1675143729934,
    "end": 1675143729936,
    "duration": 2,
    "pid": 27696,
    "index": 43
  },
  {
    "name": "Require(36) node_modules/egg-i18n/app/extend/context.js",
    "start": 1675143729936,
    "end": 1675143729937,
    "duration": 1,
    "pid": 27696,
    "index": 44
  },
  {
    "name": "Require(37) node_modules/egg-multipart/app/extend/context.js",
    "start": 1675143729938,
    "end": 1675143729951,
    "duration": 13,
    "pid": 27696,
    "index": 45
  },
  {
    "name": "Require(38) node_modules/egg-view/app/extend/context.js",
    "start": 1675143729952,
    "end": 1675143729953,
    "duration": 1,
    "pid": 27696,
    "index": 46
  },
  {
    "name": "Require(39) node_modules/egg-mongoose/app/extend/context.js",
    "start": 1675143729954,
    "end": 1675143729954,
    "duration": 0,
    "pid": 27696,
    "index": 47
  },
  {
    "name": "Require(40) node_modules/egg/app/extend/context.js",
    "start": 1675143729955,
    "end": 1675143729956,
    "duration": 1,
    "pid": 27696,
    "index": 48
  },
  {
    "name": "Load extend/helper.js",
    "start": 1675143729961,
    "end": 1675143730086,
    "duration": 125,
    "pid": 27696,
    "index": 49
  },
  {
    "name": "Require(41) node_modules/egg-security/app/extend/helper.js",
    "start": 1675143729962,
    "end": 1675143729978,
    "duration": 16,
    "pid": 27696,
    "index": 50
  },
  {
    "name": "Require(42) node_modules/egg/app/extend/helper.js",
    "start": 1675143729982,
    "end": 1675143729982,
    "duration": 0,
    "pid": 27696,
    "index": 51
  },
  {
    "name": "Require(43) app/extend/helper.js",
    "start": 1675143729983,
    "end": 1675143730082,
    "duration": 99,
    "pid": 27696,
    "index": 52
  },
  {
    "name": "Load app.js",
    "start": 1675143730086,
    "end": 1675143730122,
    "duration": 36,
    "pid": 27696,
    "index": 53
  },
  {
    "name": "Require(44) node_modules/egg-session/app.js",
    "start": 1675143730087,
    "end": 1675143730087,
    "duration": 0,
    "pid": 27696,
    "index": 54
  },
  {
    "name": "Require(45) node_modules/egg-security/app.js",
    "start": 1675143730087,
    "end": 1675143730089,
    "duration": 2,
    "pid": 27696,
    "index": 55
  },
  {
    "name": "Require(46) node_modules/egg-onerror/app.js",
    "start": 1675143730089,
    "end": 1675143730098,
    "duration": 9,
    "pid": 27696,
    "index": 56
  },
  {
    "name": "Require(47) node_modules/egg-i18n/app.js",
    "start": 1675143730098,
    "end": 1675143730110,
    "duration": 12,
    "pid": 27696,
    "index": 57
  },
  {
    "name": "Require(48) node_modules/egg-watcher/app.js",
    "start": 1675143730110,
    "end": 1675143730114,
    "duration": 4,
    "pid": 27696,
    "index": 58
  },
  {
    "name": "Require(49) node_modules/egg-schedule/app.js",
    "start": 1675143730114,
    "end": 1675143730115,
    "duration": 1,
    "pid": 27696,
    "index": 59
  },
  {
    "name": "Require(50) node_modules/egg-multipart/app.js",
    "start": 1675143730115,
    "end": 1675143730116,
    "duration": 1,
    "pid": 27696,
    "index": 60
  },
  {
    "name": "Require(51) node_modules/egg-development/app.js",
    "start": 1675143730117,
    "end": 1675143730117,
    "duration": 0,
    "pid": 27696,
    "index": 61
  },
  {
    "name": "Require(52) node_modules/egg-logrotator/app.js",
    "start": 1675143730117,
    "end": 1675143730117,
    "duration": 0,
    "pid": 27696,
    "index": 62
  },
  {
    "name": "Require(53) node_modules/egg-static/app.js",
    "start": 1675143730118,
    "end": 1675143730118,
    "duration": 0,
    "pid": 27696,
    "index": 63
  },
  {
    "name": "Require(54) node_modules/egg-view-nunjucks/app.js",
    "start": 1675143730119,
    "end": 1675143730119,
    "duration": 0,
    "pid": 27696,
    "index": 64
  },
  {
    "name": "Require(55) node_modules/egg-mongoose/app.js",
    "start": 1675143730119,
    "end": 1675143730120,
    "duration": 1,
    "pid": 27696,
    "index": 65
  },
  {
    "name": "Require(56) node_modules/egg-cors/app.js",
    "start": 1675143730120,
    "end": 1675143730120,
    "duration": 0,
    "pid": 27696,
    "index": 66
  },
  {
    "name": "Require(57) node_modules/egg-jwt/app.js",
    "start": 1675143730121,
    "end": 1675143730121,
    "duration": 0,
    "pid": 27696,
    "index": 67
  },
  {
    "name": "Before Start in node_modules/egg-watcher/lib/init.js:15:14",
    "start": 1675143730129,
    "end": 1675143730790,
    "duration": 661,
    "pid": 27696,
    "index": 68
  },
  {
    "name": "Before Start in node_modules/egg-mongoose/lib/mongoose.js:104:7",
    "start": 1675143730594,
    "end": 1675143730788,
    "duration": 194,
    "pid": 27696,
    "index": 69
  },
  {
    "name": "Before Start in node_modules/egg-mongoose/lib/mongoose.js:52:9",
    "start": 1675143730594,
    "end": 1675143730774,
    "duration": 180,
    "pid": 27696,
    "index": 70
  },
  {
    "name": "Load Service",
    "start": 1675143730594,
    "end": 1675143730629,
    "duration": 35,
    "pid": 27696,
    "index": 71
  },
  {
    "name": "Load \"service\" to Context",
    "start": 1675143730595,
    "end": 1675143730629,
    "duration": 34,
    "pid": 27696,
    "index": 72
  },
  {
    "name": "Load Middleware",
    "start": 1675143730629,
    "end": 1675143730743,
    "duration": 114,
    "pid": 27696,
    "index": 73
  },
  {
    "name": "Load \"middlewares\" to Application",
    "start": 1675143730629,
    "end": 1675143730734,
    "duration": 105,
    "pid": 27696,
    "index": 74
  },
  {
    "name": "Load Controller",
    "start": 1675143730744,
    "end": 1675143730748,
    "duration": 4,
    "pid": 27696,
    "index": 75
  },
  {
    "name": "Load \"controller\" to Application",
    "start": 1675143730744,
    "end": 1675143730748,
    "duration": 4,
    "pid": 27696,
    "index": 76
  },
  {
    "name": "Load Router",
    "start": 1675143730748,
    "end": 1675143730750,
    "duration": 2,
    "pid": 27696,
    "index": 77
  },
  {
    "name": "Require(58) app/router.js",
    "start": 1675143730748,
    "end": 1675143730748,
    "duration": 0,
    "pid": 27696,
    "index": 78
  },
  {
    "name": "Before Start in node_modules/egg-core/lib/egg.js:304:10",
    "start": 1675143730749,
    "end": 1675143730774,
    "duration": 25,
    "pid": 27696,
    "index": 79
  },
  {
    "name": "Load \"model\" to Application",
    "start": 1675143730759,
    "end": 1675143730774,
    "duration": 15,
    "pid": 27696,
    "index": 80
  }
]