[
  {
    "name": "Process Start",
    "start": 1675143626246,
    "end": 1675143627591,
    "duration": 1345,
    "pid": 20848,
    "index": 0
  },
  {
    "name": "Application Start",
    "start": 1675143627592,
    "end": 1675143628816,
    "duration": 1224,
    "pid": 20848,
    "index": 1
  },
  {
    "name": "Load Plugin",
    "start": 1675143627599,
    "end": 1675143627618,
    "duration": 19,
    "pid": 20848,
    "index": 2
  },
  {
    "name": "Load Config",
    "start": 1675143627618,
    "end": 1675143627652,
    "duration": 34,
    "pid": 20848,
    "index": 3
  },
  {
    "name": "Require(0) config/config.default.js",
    "start": 1675143627618,
    "end": 1675143627619,
    "duration": 1,
    "pid": 20848,
    "index": 4
  },
  {
    "name": "Require(1) node_modules/egg-session/config/config.default.js",
    "start": 1675143627621,
    "end": 1675143627621,
    "duration": 0,
    "pid": 20848,
    "index": 5
  },
  {
    "name": "Require(2) node_modules/egg-security/config/config.default.js",
    "start": 1675143627621,
    "end": 1675143627622,
    "duration": 1,
    "pid": 20848,
    "index": 6
  },
  {
    "name": "Require(3) node_modules/egg-jsonp/config/config.default.js",
    "start": 1675143627623,
    "end": 1675143627623,
    "duration": 0,
    "pid": 20848,
    "index": 7
  },
  {
    "name": "Require(4) node_modules/egg-onerror/config/config.default.js",
    "start": 1675143627623,
    "end": 1675143627624,
    "duration": 1,
    "pid": 20848,
    "index": 8
  },
  {
    "name": "Require(5) node_modules/egg-i18n/config/config.default.js",
    "start": 1675143627624,
    "end": 1675143627624,
    "duration": 0,
    "pid": 20848,
    "index": 9
  },
  {
    "name": "Require(6) node_modules/egg-watcher/config/config.default.js",
    "start": 1675143627625,
    "end": 1675143627625,
    "duration": 0,
    "pid": 20848,
    "index": 10
  },
  {
    "name": "Require(7) node_modules/egg-schedule/config/config.default.js",
    "start": 1675143627626,
    "end": 1675143627627,
    "duration": 1,
    "pid": 20848,
    "index": 11
  },
  {
    "name": "Require(8) node_modules/egg-multipart/config/config.default.js",
    "start": 1675143627627,
    "end": 1675143627628,
    "duration": 1,
    "pid": 20848,
    "index": 12
  },
  {
    "name": "Require(9) node_modules/egg-development/config/config.default.js",
    "start": 1675143627628,
    "end": 1675143627629,
    "duration": 1,
    "pid": 20848,
    "index": 13
  },
  {
    "name": "Require(10) node_modules/egg-logrotator/config/config.default.js",
    "start": 1675143627629,
    "end": 1675143627630,
    "duration": 1,
    "pid": 20848,
    "index": 14
  },
  {
    "name": "Require(11) node_modules/egg-static/config/config.default.js",
    "start": 1675143627630,
    "end": 1675143627631,
    "duration": 1,
    "pid": 20848,
    "index": 15
  },
  {
    "name": "Require(12) node_modules/egg-view/config/config.default.js",
    "start": 1675143627631,
    "end": 1675143627632,
    "duration": 1,
    "pid": 20848,
    "index": 16
  },
  {
    "name": "Require(13) node_modules/egg-view-nunjucks/config/config.default.js",
    "start": 1675143627636,
    "end": 1675143627637,
    "duration": 1,
    "pid": 20848,
    "index": 17
  },
  {
    "name": "Require(14) node_modules/egg-mongoose/config/config.default.js",
    "start": 1675143627637,
    "end": 1675143627638,
    "duration": 1,
    "pid": 20848,
    "index": 18
  },
  {
    "name": "Require(15) node_modules/egg-cors/config/config.default.js",
    "start": 1675143627638,
    "end": 1675143627639,
    "duration": 1,
    "pid": 20848,
    "index": 19
  },
  {
    "name": "Require(16) node_modules/egg-jwt/config/config.default.js",
    "start": 1675143627639,
    "end": 1675143627639,
    "duration": 0,
    "pid": 20848,
    "index": 20
  },
  {
    "name": "Require(17) node_modules/egg/config/config.default.js",
    "start": 1675143627640,
    "end": 1675143627640,
    "duration": 0,
    "pid": 20848,
    "index": 21
  },
  {
    "name": "Require(18) config/config.default.js",
    "start": 1675143627641,
    "end": 1675143627641,
    "duration": 0,
    "pid": 20848,
    "index": 22
  },
  {
    "name": "Require(19) node_modules/egg-security/config/config.local.js",
    "start": 1675143627642,
    "end": 1675143627642,
    "duration": 0,
    "pid": 20848,
    "index": 23
  },
  {
    "name": "Require(20) node_modules/egg-watcher/config/config.local.js",
    "start": 1675143627643,
    "end": 1675143627644,
    "duration": 1,
    "pid": 20848,
    "index": 24
  },
  {
    "name": "Require(21) node_modules/egg-view/config/config.local.js",
    "start": 1675143627646,
    "end": 1675143627647,
    "duration": 1,
    "pid": 20848,
    "index": 25
  },
  {
    "name": "Require(22) node_modules/egg-view-nunjucks/config/config.local.js",
    "start": 1675143627649,
    "end": 1675143627650,
    "duration": 1,
    "pid": 20848,
    "index": 26
  },
  {
    "name": "Require(23) node_modules/egg/config/config.local.js",
    "start": 1675143627651,
    "end": 1675143627652,
    "duration": 1,
    "pid": 20848,
    "index": 27
  },
  {
    "name": "Load extend/application.js",
    "start": 1675143627653,
    "end": 1675143627771,
    "duration": 118,
    "pid": 20848,
    "index": 28
  },
  {
    "name": "Require(24) node_modules/egg-session/app/extend/application.js",
    "start": 1675143627655,
    "end": 1675143627657,
    "duration": 2,
    "pid": 20848,
    "index": 29
  },
  {
    "name": "Require(25) node_modules/egg-security/app/extend/application.js",
    "start": 1675143627657,
    "end": 1675143627659,
    "duration": 2,
    "pid": 20848,
    "index": 30
  },
  {
    "name": "Require(26) node_modules/egg-jsonp/app/extend/application.js",
    "start": 1675143627659,
    "end": 1675143627662,
    "duration": 3,
    "pid": 20848,
    "index": 31
  },
  {
    "name": "Require(27) node_modules/egg-schedule/app/extend/application.js",
    "start": 1675143627665,
    "end": 1675143627667,
    "duration": 2,
    "pid": 20848,
    "index": 32
  },
  {
    "name": "Require(28) node_modules/egg-logrotator/app/extend/application.js",
    "start": 1675143627668,
    "end": 1675143627671,
    "duration": 3,
    "pid": 20848,
    "index": 33
  },
  {
    "name": "Require(29) node_modules/egg-view/app/extend/application.js",
    "start": 1675143627671,
    "end": 1675143627673,
    "duration": 2,
    "pid": 20848,
    "index": 34
  },
  {
    "name": "Require(30) node_modules/egg-view-nunjucks/app/extend/application.js",
    "start": 1675143627673,
    "end": 1675143627706,
    "duration": 33,
    "pid": 20848,
    "index": 35
  },
  {
    "name": "Require(31) node_modules/egg-jwt/app/extend/application.js",
    "start": 1675143627707,
    "end": 1675143627765,
    "duration": 58,
    "pid": 20848,
    "index": 36
  },
  {
    "name": "Load extend/request.js",
    "start": 1675143627771,
    "end": 1675143627781,
    "duration": 10,
    "pid": 20848,
    "index": 37
  },
  {
    "name": "Require(32) node_modules/egg/app/extend/request.js",
    "start": 1675143627775,
    "end": 1675143627776,
    "duration": 1,
    "pid": 20848,
    "index": 38
  },
  {
    "name": "Load extend/response.js",
    "start": 1675143627781,
    "end": 1675143627791,
    "duration": 10,
    "pid": 20848,
    "index": 39
  },
  {
    "name": "Require(33) node_modules/egg/app/extend/response.js",
    "start": 1675143627785,
    "end": 1675143627786,
    "duration": 1,
    "pid": 20848,
    "index": 40
  },
  {
    "name": "Load extend/context.js",
    "start": 1675143627791,
    "end": 1675143627832,
    "duration": 41,
    "pid": 20848,
    "index": 41
  },
  {
    "name": "Require(34) node_modules/egg-security/app/extend/context.js",
    "start": 1675143627791,
    "end": 1675143627804,
    "duration": 13,
    "pid": 20848,
    "index": 42
  },
  {
    "name": "Require(35) node_modules/egg-jsonp/app/extend/context.js",
    "start": 1675143627804,
    "end": 1675143627805,
    "duration": 1,
    "pid": 20848,
    "index": 43
  },
  {
    "name": "Require(36) node_modules/egg-i18n/app/extend/context.js",
    "start": 1675143627806,
    "end": 1675143627806,
    "duration": 0,
    "pid": 20848,
    "index": 44
  },
  {
    "name": "Require(37) node_modules/egg-multipart/app/extend/context.js",
    "start": 1675143627807,
    "end": 1675143627820,
    "duration": 13,
    "pid": 20848,
    "index": 45
  },
  {
    "name": "Require(38) node_modules/egg-view/app/extend/context.js",
    "start": 1675143627821,
    "end": 1675143627822,
    "duration": 1,
    "pid": 20848,
    "index": 46
  },
  {
    "name": "Require(39) node_modules/egg-mongoose/app/extend/context.js",
    "start": 1675143627823,
    "end": 1675143627823,
    "duration": 0,
    "pid": 20848,
    "index": 47
  },
  {
    "name": "Require(40) node_modules/egg/app/extend/context.js",
    "start": 1675143627824,
    "end": 1675143627826,
    "duration": 2,
    "pid": 20848,
    "index": 48
  },
  {
    "name": "Load extend/helper.js",
    "start": 1675143627832,
    "end": 1675143628118,
    "duration": 286,
    "pid": 20848,
    "index": 49
  },
  {
    "name": "Require(41) node_modules/egg-security/app/extend/helper.js",
    "start": 1675143627833,
    "end": 1675143627892,
    "duration": 59,
    "pid": 20848,
    "index": 50
  },
  {
    "name": "Require(42) node_modules/egg/app/extend/helper.js",
    "start": 1675143627906,
    "end": 1675143627907,
    "duration": 1,
    "pid": 20848,
    "index": 51
  },
  {
    "name": "Require(43) app/extend/helper.js",
    "start": 1675143627908,
    "end": 1675143628113,
    "duration": 205,
    "pid": 20848,
    "index": 52
  },
  {
    "name": "Load app.js",
    "start": 1675143628119,
    "end": 1675143628177,
    "duration": 58,
    "pid": 20848,
    "index": 53
  },
  {
    "name": "Require(44) node_modules/egg-session/app.js",
    "start": 1675143628119,
    "end": 1675143628119,
    "duration": 0,
    "pid": 20848,
    "index": 54
  },
  {
    "name": "Require(45) node_modules/egg-security/app.js",
    "start": 1675143628120,
    "end": 1675143628122,
    "duration": 2,
    "pid": 20848,
    "index": 55
  },
  {
    "name": "Require(46) node_modules/egg-onerror/app.js",
    "start": 1675143628122,
    "end": 1675143628138,
    "duration": 16,
    "pid": 20848,
    "index": 56
  },
  {
    "name": "Require(47) node_modules/egg-i18n/app.js",
    "start": 1675143628140,
    "end": 1675143628159,
    "duration": 19,
    "pid": 20848,
    "index": 57
  },
  {
    "name": "Require(48) node_modules/egg-watcher/app.js",
    "start": 1675143628160,
    "end": 1675143628165,
    "duration": 5,
    "pid": 20848,
    "index": 58
  },
  {
    "name": "Require(49) node_modules/egg-schedule/app.js",
    "start": 1675143628166,
    "end": 1675143628168,
    "duration": 2,
    "pid": 20848,
    "index": 59
  },
  {
    "name": "Require(50) node_modules/egg-multipart/app.js",
    "start": 1675143628168,
    "end": 1675143628170,
    "duration": 2,
    "pid": 20848,
    "index": 60
  },
  {
    "name": "Require(51) node_modules/egg-development/app.js",
    "start": 1675143628171,
    "end": 1675143628171,
    "duration": 0,
    "pid": 20848,
    "index": 61
  },
  {
    "name": "Require(52) node_modules/egg-logrotator/app.js",
    "start": 1675143628171,
    "end": 1675143628172,
    "duration": 1,
    "pid": 20848,
    "index": 62
  },
  {
    "name": "Require(53) node_modules/egg-static/app.js",
    "start": 1675143628172,
    "end": 1675143628172,
    "duration": 0,
    "pid": 20848,
    "index": 63
  },
  {
    "name": "Require(54) node_modules/egg-view-nunjucks/app.js",
    "start": 1675143628173,
    "end": 1675143628173,
    "duration": 0,
    "pid": 20848,
    "index": 64
  },
  {
    "name": "Require(55) node_modules/egg-mongoose/app.js",
    "start": 1675143628174,
    "end": 1675143628174,
    "duration": 0,
    "pid": 20848,
    "index": 65
  },
  {
    "name": "Require(56) node_modules/egg-cors/app.js",
    "start": 1675143628174,
    "end": 1675143628175,
    "duration": 1,
    "pid": 20848,
    "index": 66
  },
  {
    "name": "Require(57) node_modules/egg-jwt/app.js",
    "start": 1675143628175,
    "end": 1675143628175,
    "duration": 0,
    "pid": 20848,
    "index": 67
  },
  {
    "name": "Before Start in node_modules/egg-watcher/lib/init.js:15:14",
    "start": 1675143628186,
    "end": 1675143628816,
    "duration": 630,
    "pid": 20848,
    "index": 68
  },
  {
    "name": "Before Start in node_modules/egg-mongoose/lib/mongoose.js:104:7",
    "start": 1675143628643,
    "end": 1675143628814,
    "duration": 171,
    "pid": 20848,
    "index": 69
  },
  {
    "name": "Before Start in node_modules/egg-mongoose/lib/mongoose.js:52:9",
    "start": 1675143628643,
    "end": 1675143628799,
    "duration": 156,
    "pid": 20848,
    "index": 70
  },
  {
    "name": "Load Service",
    "start": 1675143628643,
    "end": 1675143628674,
    "duration": 31,
    "pid": 20848,
    "index": 71
  },
  {
    "name": "Load \"service\" to Context",
    "start": 1675143628643,
    "end": 1675143628674,
    "duration": 31,
    "pid": 20848,
    "index": 72
  },
  {
    "name": "Load Middleware",
    "start": 1675143628674,
    "end": 1675143628766,
    "duration": 92,
    "pid": 20848,
    "index": 73
  },
  {
    "name": "Load \"middlewares\" to Application",
    "start": 1675143628674,
    "end": 1675143628758,
    "duration": 84,
    "pid": 20848,
    "index": 74
  },
  {
    "name": "Load Controller",
    "start": 1675143628766,
    "end": 1675143628770,
    "duration": 4,
    "pid": 20848,
    "index": 75
  },
  {
    "name": "Load \"controller\" to Application",
    "start": 1675143628767,
    "end": 1675143628770,
    "duration": 3,
    "pid": 20848,
    "index": 76
  },
  {
    "name": "Load Router",
    "start": 1675143628770,
    "end": 1675143628772,
    "duration": 2,
    "pid": 20848,
    "index": 77
  },
  {
    "name": "Require(58) app/router.js",
    "start": 1675143628770,
    "end": 1675143628771,
    "duration": 1,
    "pid": 20848,
    "index": 78
  },
  {
    "name": "Before Start in node_modules/egg-core/lib/egg.js:304:10",
    "start": 1675143628771,
    "end": 1675143628799,
    "duration": 28,
    "pid": 20848,
    "index": 79
  },
  {
    "name": "Load \"model\" to Application",
    "start": 1675143628782,
    "end": 1675143628799,
    "duration": 17,
    "pid": 20848,
    "index": 80
  }
]