[
  {
    "name": "Process Start",
    "start": 1675146938379,
    "end": 1675146939525,
    "duration": 1146,
    "pid": 28476,
    "index": 0
  },
  {
    "name": "Application Start",
    "start": 1675146939526,
    "end": 1675146940630,
    "duration": 1104,
    "pid": 28476,
    "index": 1
  },
  {
    "name": "Load Plugin",
    "start": 1675146939530,
    "end": 1675146939551,
    "duration": 21,
    "pid": 28476,
    "index": 2
  },
  {
    "name": "Load Config",
    "start": 1675146939551,
    "end": 1675146939580,
    "duration": 29,
    "pid": 28476,
    "index": 3
  },
  {
    "name": "Require(0) config/config.default.js",
    "start": 1675146939552,
    "end": 1675146939553,
    "duration": 1,
    "pid": 28476,
    "index": 4
  },
  {
    "name": "Require(1) node_modules/egg-session/config/config.default.js",
    "start": 1675146939556,
    "end": 1675146939556,
    "duration": 0,
    "pid": 28476,
    "index": 5
  },
  {
    "name": "Require(2) node_modules/egg-security/config/config.default.js",
    "start": 1675146939557,
    "end": 1675146939557,
    "duration": 0,
    "pid": 28476,
    "index": 6
  },
  {
    "name": "Require(3) node_modules/egg-jsonp/config/config.default.js",
    "start": 1675146939558,
    "end": 1675146939559,
    "duration": 1,
    "pid": 28476,
    "index": 7
  },
  {
    "name": "Require(4) node_modules/egg-onerror/config/config.default.js",
    "start": 1675146939559,
    "end": 1675146939560,
    "duration": 1,
    "pid": 28476,
    "index": 8
  },
  {
    "name": "Require(5) node_modules/egg-i18n/config/config.default.js",
    "start": 1675146939560,
    "end": 1675146939560,
    "duration": 0,
    "pid": 28476,
    "index": 9
  },
  {
    "name": "Require(6) node_modules/egg-watcher/config/config.default.js",
    "start": 1675146939561,
    "end": 1675146939561,
    "duration": 0,
    "pid": 28476,
    "index": 10
  },
  {
    "name": "Require(7) node_modules/egg-schedule/config/config.default.js",
    "start": 1675146939562,
    "end": 1675146939562,
    "duration": 0,
    "pid": 28476,
    "index": 11
  },
  {
    "name": "Require(8) node_modules/egg-multipart/config/config.default.js",
    "start": 1675146939563,
    "end": 1675146939563,
    "duration": 0,
    "pid": 28476,
    "index": 12
  },
  {
    "name": "Require(9) node_modules/egg-development/config/config.default.js",
    "start": 1675146939564,
    "end": 1675146939564,
    "duration": 0,
    "pid": 28476,
    "index": 13
  },
  {
    "name": "Require(10) node_modules/egg-logrotator/config/config.default.js",
    "start": 1675146939564,
    "end": 1675146939565,
    "duration": 1,
    "pid": 28476,
    "index": 14
  },
  {
    "name": "Require(11) node_modules/egg-static/config/config.default.js",
    "start": 1675146939565,
    "end": 1675146939565,
    "duration": 0,
    "pid": 28476,
    "index": 15
  },
  {
    "name": "Require(12) node_modules/egg-view/config/config.default.js",
    "start": 1675146939566,
    "end": 1675146939566,
    "duration": 0,
    "pid": 28476,
    "index": 16
  },
  {
    "name": "Require(13) node_modules/egg-view-nunjucks/config/config.default.js",
    "start": 1675146939567,
    "end": 1675146939567,
    "duration": 0,
    "pid": 28476,
    "index": 17
  },
  {
    "name": "Require(14) node_modules/egg-mongoose/config/config.default.js",
    "start": 1675146939568,
    "end": 1675146939568,
    "duration": 0,
    "pid": 28476,
    "index": 18
  },
  {
    "name": "Require(15) node_modules/egg-cors/config/config.default.js",
    "start": 1675146939568,
    "end": 1675146939569,
    "duration": 1,
    "pid": 28476,
    "index": 19
  },
  {
    "name": "Require(16) node_modules/egg-jwt/config/config.default.js",
    "start": 1675146939569,
    "end": 1675146939569,
    "duration": 0,
    "pid": 28476,
    "index": 20
  },
  {
    "name": "Require(17) node_modules/egg/config/config.default.js",
    "start": 1675146939570,
    "end": 1675146939570,
    "duration": 0,
    "pid": 28476,
    "index": 21
  },
  {
    "name": "Require(18) config/config.default.js",
    "start": 1675146939572,
    "end": 1675146939572,
    "duration": 0,
    "pid": 28476,
    "index": 22
  },
  {
    "name": "Require(19) node_modules/egg-security/config/config.local.js",
    "start": 1675146939573,
    "end": 1675146939573,
    "duration": 0,
    "pid": 28476,
    "index": 23
  },
  {
    "name": "Require(20) node_modules/egg-watcher/config/config.local.js",
    "start": 1675146939574,
    "end": 1675146939575,
    "duration": 1,
    "pid": 28476,
    "index": 24
  },
  {
    "name": "Require(21) node_modules/egg-view/config/config.local.js",
    "start": 1675146939577,
    "end": 1675146939577,
    "duration": 0,
    "pid": 28476,
    "index": 25
  },
  {
    "name": "Require(22) node_modules/egg-view-nunjucks/config/config.local.js",
    "start": 1675146939577,
    "end": 1675146939578,
    "duration": 1,
    "pid": 28476,
    "index": 26
  },
  {
    "name": "Require(23) node_modules/egg/config/config.local.js",
    "start": 1675146939579,
    "end": 1675146939580,
    "duration": 1,
    "pid": 28476,
    "index": 27
  },
  {
    "name": "Load extend/application.js",
    "start": 1675146939581,
    "end": 1675146939694,
    "duration": 113,
    "pid": 28476,
    "index": 28
  },
  {
    "name": "Require(24) node_modules/egg-session/app/extend/application.js",
    "start": 1675146939582,
    "end": 1675146939582,
    "duration": 0,
    "pid": 28476,
    "index": 29
  },
  {
    "name": "Require(25) node_modules/egg-security/app/extend/application.js",
    "start": 1675146939583,
    "end": 1675146939584,
    "duration": 1,
    "pid": 28476,
    "index": 30
  },
  {
    "name": "Require(26) node_modules/egg-jsonp/app/extend/application.js",
    "start": 1675146939584,
    "end": 1675146939586,
    "duration": 2,
    "pid": 28476,
    "index": 31
  },
  {
    "name": "Require(27) node_modules/egg-schedule/app/extend/application.js",
    "start": 1675146939587,
    "end": 1675146939590,
    "duration": 3,
    "pid": 28476,
    "index": 32
  },
  {
    "name": "Require(28) node_modules/egg-logrotator/app/extend/application.js",
    "start": 1675146939591,
    "end": 1675146939593,
    "duration": 2,
    "pid": 28476,
    "index": 33
  },
  {
    "name": "Require(29) node_modules/egg-view/app/extend/application.js",
    "start": 1675146939594,
    "end": 1675146939595,
    "duration": 1,
    "pid": 28476,
    "index": 34
  },
  {
    "name": "Require(30) node_modules/egg-view-nunjucks/app/extend/application.js",
    "start": 1675146939596,
    "end": 1675146939628,
    "duration": 32,
    "pid": 28476,
    "index": 35
  },
  {
    "name": "Require(31) node_modules/egg-jwt/app/extend/application.js",
    "start": 1675146939629,
    "end": 1675146939690,
    "duration": 61,
    "pid": 28476,
    "index": 36
  },
  {
    "name": "Load extend/request.js",
    "start": 1675146939694,
    "end": 1675146939704,
    "duration": 10,
    "pid": 28476,
    "index": 37
  },
  {
    "name": "Require(32) node_modules/egg/app/extend/request.js",
    "start": 1675146939699,
    "end": 1675146939700,
    "duration": 1,
    "pid": 28476,
    "index": 38
  },
  {
    "name": "Load extend/response.js",
    "start": 1675146939704,
    "end": 1675146939716,
    "duration": 12,
    "pid": 28476,
    "index": 39
  },
  {
    "name": "Require(33) node_modules/egg/app/extend/response.js",
    "start": 1675146939709,
    "end": 1675146939711,
    "duration": 2,
    "pid": 28476,
    "index": 40
  },
  {
    "name": "Load extend/context.js",
    "start": 1675146939716,
    "end": 1675146939759,
    "duration": 43,
    "pid": 28476,
    "index": 41
  },
  {
    "name": "Require(34) node_modules/egg-security/app/extend/context.js",
    "start": 1675146939717,
    "end": 1675146939728,
    "duration": 11,
    "pid": 28476,
    "index": 42
  },
  {
    "name": "Require(35) node_modules/egg-jsonp/app/extend/context.js",
    "start": 1675146939729,
    "end": 1675146939731,
    "duration": 2,
    "pid": 28476,
    "index": 43
  },
  {
    "name": "Require(36) node_modules/egg-i18n/app/extend/context.js",
    "start": 1675146939731,
    "end": 1675146939732,
    "duration": 1,
    "pid": 28476,
    "index": 44
  },
  {
    "name": "Require(37) node_modules/egg-multipart/app/extend/context.js",
    "start": 1675146939733,
    "end": 1675146939747,
    "duration": 14,
    "pid": 28476,
    "index": 45
  },
  {
    "name": "Require(38) node_modules/egg-view/app/extend/context.js",
    "start": 1675146939749,
    "end": 1675146939750,
    "duration": 1,
    "pid": 28476,
    "index": 46
  },
  {
    "name": "Require(39) node_modules/egg-mongoose/app/extend/context.js",
    "start": 1675146939751,
    "end": 1675146939751,
    "duration": 0,
    "pid": 28476,
    "index": 47
  },
  {
    "name": "Require(40) node_modules/egg/app/extend/context.js",
    "start": 1675146939752,
    "end": 1675146939753,
    "duration": 1,
    "pid": 28476,
    "index": 48
  },
  {
    "name": "Load extend/helper.js",
    "start": 1675146939759,
    "end": 1675146939894,
    "duration": 135,
    "pid": 28476,
    "index": 49
  },
  {
    "name": "Require(41) node_modules/egg-security/app/extend/helper.js",
    "start": 1675146939760,
    "end": 1675146939777,
    "duration": 17,
    "pid": 28476,
    "index": 50
  },
  {
    "name": "Require(42) node_modules/egg/app/extend/helper.js",
    "start": 1675146939782,
    "end": 1675146939782,
    "duration": 0,
    "pid": 28476,
    "index": 51
  },
  {
    "name": "Require(43) app/extend/helper.js",
    "start": 1675146939783,
    "end": 1675146939889,
    "duration": 106,
    "pid": 28476,
    "index": 52
  },
  {
    "name": "Load app.js",
    "start": 1675146939894,
    "end": 1675146939936,
    "duration": 42,
    "pid": 28476,
    "index": 53
  },
  {
    "name": "Require(44) node_modules/egg-session/app.js",
    "start": 1675146939894,
    "end": 1675146939895,
    "duration": 1,
    "pid": 28476,
    "index": 54
  },
  {
    "name": "Require(45) node_modules/egg-security/app.js",
    "start": 1675146939895,
    "end": 1675146939897,
    "duration": 2,
    "pid": 28476,
    "index": 55
  },
  {
    "name": "Require(46) node_modules/egg-onerror/app.js",
    "start": 1675146939897,
    "end": 1675146939908,
    "duration": 11,
    "pid": 28476,
    "index": 56
  },
  {
    "name": "Require(47) node_modules/egg-i18n/app.js",
    "start": 1675146939909,
    "end": 1675146939923,
    "duration": 14,
    "pid": 28476,
    "index": 57
  },
  {
    "name": "Require(48) node_modules/egg-watcher/app.js",
    "start": 1675146939923,
    "end": 1675146939927,
    "duration": 4,
    "pid": 28476,
    "index": 58
  },
  {
    "name": "Require(49) node_modules/egg-schedule/app.js",
    "start": 1675146939928,
    "end": 1675146939929,
    "duration": 1,
    "pid": 28476,
    "index": 59
  },
  {
    "name": "Require(50) node_modules/egg-multipart/app.js",
    "start": 1675146939929,
    "end": 1675146939931,
    "duration": 2,
    "pid": 28476,
    "index": 60
  },
  {
    "name": "Require(51) node_modules/egg-development/app.js",
    "start": 1675146939931,
    "end": 1675146939932,
    "duration": 1,
    "pid": 28476,
    "index": 61
  },
  {
    "name": "Require(52) node_modules/egg-logrotator/app.js",
    "start": 1675146939932,
    "end": 1675146939932,
    "duration": 0,
    "pid": 28476,
    "index": 62
  },
  {
    "name": "Require(53) node_modules/egg-static/app.js",
    "start": 1675146939932,
    "end": 1675146939933,
    "duration": 1,
    "pid": 28476,
    "index": 63
  },
  {
    "name": "Require(54) node_modules/egg-view-nunjucks/app.js",
    "start": 1675146939933,
    "end": 1675146939934,
    "duration": 1,
    "pid": 28476,
    "index": 64
  },
  {
    "name": "Require(55) node_modules/egg-mongoose/app.js",
    "start": 1675146939934,
    "end": 1675146939934,
    "duration": 0,
    "pid": 28476,
    "index": 65
  },
  {
    "name": "Require(56) node_modules/egg-cors/app.js",
    "start": 1675146939935,
    "end": 1675146939935,
    "duration": 0,
    "pid": 28476,
    "index": 66
  },
  {
    "name": "Require(57) node_modules/egg-jwt/app.js",
    "start": 1675146939935,
    "end": 1675146939935,
    "duration": 0,
    "pid": 28476,
    "index": 67
  },
  {
    "name": "Before Start in node_modules/egg-watcher/lib/init.js:15:14",
    "start": 1675146939944,
    "end": 1675146940630,
    "duration": 686,
    "pid": 28476,
    "index": 68
  },
  {
    "name": "Before Start in node_modules/egg-mongoose/lib/mongoose.js:104:7",
    "start": 1675146940430,
    "end": 1675146940626,
    "duration": 196,
    "pid": 28476,
    "index": 69
  },
  {
    "name": "Before Start in node_modules/egg-mongoose/lib/mongoose.js:52:9",
    "start": 1675146940430,
    "end": 1675146940606,
    "duration": 176,
    "pid": 28476,
    "index": 70
  },
  {
    "name": "Load Service",
    "start": 1675146940431,
    "end": 1675146940469,
    "duration": 38,
    "pid": 28476,
    "index": 71
  },
  {
    "name": "Load \"service\" to Context",
    "start": 1675146940431,
    "end": 1675146940469,
    "duration": 38,
    "pid": 28476,
    "index": 72
  },
  {
    "name": "Load Middleware",
    "start": 1675146940470,
    "end": 1675146940572,
    "duration": 102,
    "pid": 28476,
    "index": 73
  },
  {
    "name": "Load \"middlewares\" to Application",
    "start": 1675146940470,
    "end": 1675146940563,
    "duration": 93,
    "pid": 28476,
    "index": 74
  },
  {
    "name": "Load Controller",
    "start": 1675146940572,
    "end": 1675146940576,
    "duration": 4,
    "pid": 28476,
    "index": 75
  },
  {
    "name": "Load \"controller\" to Application",
    "start": 1675146940572,
    "end": 1675146940576,
    "duration": 4,
    "pid": 28476,
    "index": 76
  },
  {
    "name": "Load Router",
    "start": 1675146940576,
    "end": 1675146940579,
    "duration": 3,
    "pid": 28476,
    "index": 77
  },
  {
    "name": "Require(58) app/router.js",
    "start": 1675146940577,
    "end": 1675146940577,
    "duration": 0,
    "pid": 28476,
    "index": 78
  },
  {
    "name": "Before Start in node_modules/egg-core/lib/egg.js:304:10",
    "start": 1675146940577,
    "end": 1675146940606,
    "duration": 29,
    "pid": 28476,
    "index": 79
  },
  {
    "name": "Load \"model\" to Application",
    "start": 1675146940588,
    "end": 1675146940605,
    "duration": 17,
    "pid": 28476,
    "index": 80
  }
]