[
  {
    "name": "Process Start",
    "start": 1675146935563,
    "end": 1675146937142,
    "duration": 1579,
    "pid": 19004,
    "index": 0
  },
  {
    "name": "Application Start",
    "start": 1675146937143,
    "end": 1675146938342,
    "duration": 1199,
    "pid": 19004,
    "index": 1
  },
  {
    "name": "Load Plugin",
    "start": 1675146937147,
    "end": 1675146937168,
    "duration": 21,
    "pid": 19004,
    "index": 2
  },
  {
    "name": "Load Config",
    "start": 1675146937168,
    "end": 1675146937200,
    "duration": 32,
    "pid": 19004,
    "index": 3
  },
  {
    "name": "Require(0) config/config.default.js",
    "start": 1675146937169,
    "end": 1675146937171,
    "duration": 2,
    "pid": 19004,
    "index": 4
  },
  {
    "name": "Require(1) node_modules/egg-session/config/config.default.js",
    "start": 1675146937174,
    "end": 1675146937175,
    "duration": 1,
    "pid": 19004,
    "index": 5
  },
  {
    "name": "Require(2) node_modules/egg-security/config/config.default.js",
    "start": 1675146937175,
    "end": 1675146937175,
    "duration": 0,
    "pid": 19004,
    "index": 6
  },
  {
    "name": "Require(3) node_modules/egg-jsonp/config/config.default.js",
    "start": 1675146937176,
    "end": 1675146937177,
    "duration": 1,
    "pid": 19004,
    "index": 7
  },
  {
    "name": "Require(4) node_modules/egg-onerror/config/config.default.js",
    "start": 1675146937177,
    "end": 1675146937178,
    "duration": 1,
    "pid": 19004,
    "index": 8
  },
  {
    "name": "Require(5) node_modules/egg-i18n/config/config.default.js",
    "start": 1675146937178,
    "end": 1675146937178,
    "duration": 0,
    "pid": 19004,
    "index": 9
  },
  {
    "name": "Require(6) node_modules/egg-watcher/config/config.default.js",
    "start": 1675146937179,
    "end": 1675146937179,
    "duration": 0,
    "pid": 19004,
    "index": 10
  },
  {
    "name": "Require(7) node_modules/egg-schedule/config/config.default.js",
    "start": 1675146937180,
    "end": 1675146937180,
    "duration": 0,
    "pid": 19004,
    "index": 11
  },
  {
    "name": "Require(8) node_modules/egg-multipart/config/config.default.js",
    "start": 1675146937181,
    "end": 1675146937182,
    "duration": 1,
    "pid": 19004,
    "index": 12
  },
  {
    "name": "Require(9) node_modules/egg-development/config/config.default.js",
    "start": 1675146937182,
    "end": 1675146937183,
    "duration": 1,
    "pid": 19004,
    "index": 13
  },
  {
    "name": "Require(10) node_modules/egg-logrotator/config/config.default.js",
    "start": 1675146937183,
    "end": 1675146937183,
    "duration": 0,
    "pid": 19004,
    "index": 14
  },
  {
    "name": "Require(11) node_modules/egg-static/config/config.default.js",
    "start": 1675146937184,
    "end": 1675146937184,
    "duration": 0,
    "pid": 19004,
    "index": 15
  },
  {
    "name": "Require(12) node_modules/egg-view/config/config.default.js",
    "start": 1675146937185,
    "end": 1675146937185,
    "duration": 0,
    "pid": 19004,
    "index": 16
  },
  {
    "name": "Require(13) node_modules/egg-view-nunjucks/config/config.default.js",
    "start": 1675146937186,
    "end": 1675146937187,
    "duration": 1,
    "pid": 19004,
    "index": 17
  },
  {
    "name": "Require(14) node_modules/egg-mongoose/config/config.default.js",
    "start": 1675146937188,
    "end": 1675146937188,
    "duration": 0,
    "pid": 19004,
    "index": 18
  },
  {
    "name": "Require(15) node_modules/egg-cors/config/config.default.js",
    "start": 1675146937189,
    "end": 1675146937189,
    "duration": 0,
    "pid": 19004,
    "index": 19
  },
  {
    "name": "Require(16) node_modules/egg-jwt/config/config.default.js",
    "start": 1675146937190,
    "end": 1675146937190,
    "duration": 0,
    "pid": 19004,
    "index": 20
  },
  {
    "name": "Require(17) node_modules/egg/config/config.default.js",
    "start": 1675146937191,
    "end": 1675146937191,
    "duration": 0,
    "pid": 19004,
    "index": 21
  },
  {
    "name": "Require(18) config/config.default.js",
    "start": 1675146937192,
    "end": 1675146937193,
    "duration": 1,
    "pid": 19004,
    "index": 22
  },
  {
    "name": "Require(19) node_modules/egg-security/config/config.local.js",
    "start": 1675146937193,
    "end": 1675146937194,
    "duration": 1,
    "pid": 19004,
    "index": 23
  },
  {
    "name": "Require(20) node_modules/egg-watcher/config/config.local.js",
    "start": 1675146937195,
    "end": 1675146937195,
    "duration": 0,
    "pid": 19004,
    "index": 24
  },
  {
    "name": "Require(21) node_modules/egg-view/config/config.local.js",
    "start": 1675146937197,
    "end": 1675146937197,
    "duration": 0,
    "pid": 19004,
    "index": 25
  },
  {
    "name": "Require(22) node_modules/egg-view-nunjucks/config/config.local.js",
    "start": 1675146937197,
    "end": 1675146937198,
    "duration": 1,
    "pid": 19004,
    "index": 26
  },
  {
    "name": "Require(23) node_modules/egg/config/config.local.js",
    "start": 1675146937199,
    "end": 1675146937199,
    "duration": 0,
    "pid": 19004,
    "index": 27
  },
  {
    "name": "Load extend/application.js",
    "start": 1675146937200,
    "end": 1675146937317,
    "duration": 117,
    "pid": 19004,
    "index": 28
  },
  {
    "name": "Require(24) node_modules/egg-session/app/extend/application.js",
    "start": 1675146937201,
    "end": 1675146937202,
    "duration": 1,
    "pid": 19004,
    "index": 29
  },
  {
    "name": "Require(25) node_modules/egg-security/app/extend/application.js",
    "start": 1675146937202,
    "end": 1675146937205,
    "duration": 3,
    "pid": 19004,
    "index": 30
  },
  {
    "name": "Require(26) node_modules/egg-jsonp/app/extend/application.js",
    "start": 1675146937206,
    "end": 1675146937208,
    "duration": 2,
    "pid": 19004,
    "index": 31
  },
  {
    "name": "Require(27) node_modules/egg-schedule/app/extend/application.js",
    "start": 1675146937209,
    "end": 1675146937212,
    "duration": 3,
    "pid": 19004,
    "index": 32
  },
  {
    "name": "Require(28) node_modules/egg-logrotator/app/extend/application.js",
    "start": 1675146937213,
    "end": 1675146937215,
    "duration": 2,
    "pid": 19004,
    "index": 33
  },
  {
    "name": "Require(29) node_modules/egg-view/app/extend/application.js",
    "start": 1675146937216,
    "end": 1675146937221,
    "duration": 5,
    "pid": 19004,
    "index": 34
  },
  {
    "name": "Require(30) node_modules/egg-view-nunjucks/app/extend/application.js",
    "start": 1675146937221,
    "end": 1675146937250,
    "duration": 29,
    "pid": 19004,
    "index": 35
  },
  {
    "name": "Require(31) node_modules/egg-jwt/app/extend/application.js",
    "start": 1675146937251,
    "end": 1675146937312,
    "duration": 61,
    "pid": 19004,
    "index": 36
  },
  {
    "name": "Load extend/request.js",
    "start": 1675146937317,
    "end": 1675146937328,
    "duration": 11,
    "pid": 19004,
    "index": 37
  },
  {
    "name": "Require(32) node_modules/egg/app/extend/request.js",
    "start": 1675146937322,
    "end": 1675146937323,
    "duration": 1,
    "pid": 19004,
    "index": 38
  },
  {
    "name": "Load extend/response.js",
    "start": 1675146937328,
    "end": 1675146937339,
    "duration": 11,
    "pid": 19004,
    "index": 39
  },
  {
    "name": "Require(33) node_modules/egg/app/extend/response.js",
    "start": 1675146937332,
    "end": 1675146937334,
    "duration": 2,
    "pid": 19004,
    "index": 40
  },
  {
    "name": "Load extend/context.js",
    "start": 1675146937339,
    "end": 1675146937380,
    "duration": 41,
    "pid": 19004,
    "index": 41
  },
  {
    "name": "Require(34) node_modules/egg-security/app/extend/context.js",
    "start": 1675146937339,
    "end": 1675146937352,
    "duration": 13,
    "pid": 19004,
    "index": 42
  },
  {
    "name": "Require(35) node_modules/egg-jsonp/app/extend/context.js",
    "start": 1675146937352,
    "end": 1675146937354,
    "duration": 2,
    "pid": 19004,
    "index": 43
  },
  {
    "name": "Require(36) node_modules/egg-i18n/app/extend/context.js",
    "start": 1675146937354,
    "end": 1675146937355,
    "duration": 1,
    "pid": 19004,
    "index": 44
  },
  {
    "name": "Require(37) node_modules/egg-multipart/app/extend/context.js",
    "start": 1675146937356,
    "end": 1675146937369,
    "duration": 13,
    "pid": 19004,
    "index": 45
  },
  {
    "name": "Require(38) node_modules/egg-view/app/extend/context.js",
    "start": 1675146937370,
    "end": 1675146937371,
    "duration": 1,
    "pid": 19004,
    "index": 46
  },
  {
    "name": "Require(39) node_modules/egg-mongoose/app/extend/context.js",
    "start": 1675146937372,
    "end": 1675146937373,
    "duration": 1,
    "pid": 19004,
    "index": 47
  },
  {
    "name": "Require(40) node_modules/egg/app/extend/context.js",
    "start": 1675146937374,
    "end": 1675146937375,
    "duration": 1,
    "pid": 19004,
    "index": 48
  },
  {
    "name": "Load extend/helper.js",
    "start": 1675146937380,
    "end": 1675146937532,
    "duration": 152,
    "pid": 19004,
    "index": 49
  },
  {
    "name": "Require(41) node_modules/egg-security/app/extend/helper.js",
    "start": 1675146937381,
    "end": 1675146937401,
    "duration": 20,
    "pid": 19004,
    "index": 50
  },
  {
    "name": "Require(42) node_modules/egg/app/extend/helper.js",
    "start": 1675146937405,
    "end": 1675146937406,
    "duration": 1,
    "pid": 19004,
    "index": 51
  },
  {
    "name": "Require(43) app/extend/helper.js",
    "start": 1675146937406,
    "end": 1675146937526,
    "duration": 120,
    "pid": 19004,
    "index": 52
  },
  {
    "name": "Load app.js",
    "start": 1675146937532,
    "end": 1675146937573,
    "duration": 41,
    "pid": 19004,
    "index": 53
  },
  {
    "name": "Require(44) node_modules/egg-session/app.js",
    "start": 1675146937532,
    "end": 1675146937532,
    "duration": 0,
    "pid": 19004,
    "index": 54
  },
  {
    "name": "Require(45) node_modules/egg-security/app.js",
    "start": 1675146937533,
    "end": 1675146937535,
    "duration": 2,
    "pid": 19004,
    "index": 55
  },
  {
    "name": "Require(46) node_modules/egg-onerror/app.js",
    "start": 1675146937535,
    "end": 1675146937546,
    "duration": 11,
    "pid": 19004,
    "index": 56
  },
  {
    "name": "Require(47) node_modules/egg-i18n/app.js",
    "start": 1675146937547,
    "end": 1675146937561,
    "duration": 14,
    "pid": 19004,
    "index": 57
  },
  {
    "name": "Require(48) node_modules/egg-watcher/app.js",
    "start": 1675146937561,
    "end": 1675146937565,
    "duration": 4,
    "pid": 19004,
    "index": 58
  },
  {
    "name": "Require(49) node_modules/egg-schedule/app.js",
    "start": 1675146937565,
    "end": 1675146937566,
    "duration": 1,
    "pid": 19004,
    "index": 59
  },
  {
    "name": "Require(50) node_modules/egg-multipart/app.js",
    "start": 1675146937566,
    "end": 1675146937567,
    "duration": 1,
    "pid": 19004,
    "index": 60
  },
  {
    "name": "Require(51) node_modules/egg-development/app.js",
    "start": 1675146937568,
    "end": 1675146937568,
    "duration": 0,
    "pid": 19004,
    "index": 61
  },
  {
    "name": "Require(52) node_modules/egg-logrotator/app.js",
    "start": 1675146937568,
    "end": 1675146937569,
    "duration": 1,
    "pid": 19004,
    "index": 62
  },
  {
    "name": "Require(53) node_modules/egg-static/app.js",
    "start": 1675146937569,
    "end": 1675146937569,
    "duration": 0,
    "pid": 19004,
    "index": 63
  },
  {
    "name": "Require(54) node_modules/egg-view-nunjucks/app.js",
    "start": 1675146937570,
    "end": 1675146937570,
    "duration": 0,
    "pid": 19004,
    "index": 64
  },
  {
    "name": "Require(55) node_modules/egg-mongoose/app.js",
    "start": 1675146937571,
    "end": 1675146937571,
    "duration": 0,
    "pid": 19004,
    "index": 65
  },
  {
    "name": "Require(56) node_modules/egg-cors/app.js",
    "start": 1675146937571,
    "end": 1675146937572,
    "duration": 1,
    "pid": 19004,
    "index": 66
  },
  {
    "name": "Require(57) node_modules/egg-jwt/app.js",
    "start": 1675146937572,
    "end": 1675146937572,
    "duration": 0,
    "pid": 19004,
    "index": 67
  },
  {
    "name": "Before Start in node_modules/egg-watcher/lib/init.js:15:14",
    "start": 1675146937582,
    "end": 1675146938341,
    "duration": 759,
    "pid": 19004,
    "index": 68
  },
  {
    "name": "Before Start in node_modules/egg-mongoose/lib/mongoose.js:104:7",
    "start": 1675146938139,
    "end": 1675146938340,
    "duration": 201,
    "pid": 19004,
    "index": 69
  },
  {
    "name": "Before Start in node_modules/egg-mongoose/lib/mongoose.js:52:9",
    "start": 1675146938139,
    "end": 1675146938324,
    "duration": 185,
    "pid": 19004,
    "index": 70
  },
  {
    "name": "Load Service",
    "start": 1675146938140,
    "end": 1675146938173,
    "duration": 33,
    "pid": 19004,
    "index": 71
  },
  {
    "name": "Load \"service\" to Context",
    "start": 1675146938140,
    "end": 1675146938173,
    "duration": 33,
    "pid": 19004,
    "index": 72
  },
  {
    "name": "Load Middleware",
    "start": 1675146938173,
    "end": 1675146938282,
    "duration": 109,
    "pid": 19004,
    "index": 73
  },
  {
    "name": "Load \"middlewares\" to Application",
    "start": 1675146938173,
    "end": 1675146938273,
    "duration": 100,
    "pid": 19004,
    "index": 74
  },
  {
    "name": "Load Controller",
    "start": 1675146938282,
    "end": 1675146938290,
    "duration": 8,
    "pid": 19004,
    "index": 75
  },
  {
    "name": "Load \"controller\" to Application",
    "start": 1675146938282,
    "end": 1675146938290,
    "duration": 8,
    "pid": 19004,
    "index": 76
  },
  {
    "name": "Load Router",
    "start": 1675146938290,
    "end": 1675146938293,
    "duration": 3,
    "pid": 19004,
    "index": 77
  },
  {
    "name": "Require(58) app/router.js",
    "start": 1675146938290,
    "end": 1675146938290,
    "duration": 0,
    "pid": 19004,
    "index": 78
  },
  {
    "name": "Before Start in node_modules/egg-core/lib/egg.js:304:10",
    "start": 1675146938291,
    "end": 1675146938324,
    "duration": 33,
    "pid": 19004,
    "index": 79
  },
  {
    "name": "Load \"model\" to Application",
    "start": 1675146938301,
    "end": 1675146938323,
    "duration": 22,
    "pid": 19004,
    "index": 80
  }
]