[
  {
    "name": "Process Start",
    "start": 1675143212083,
    "end": 1675143213584,
    "duration": 1501,
    "pid": 14328,
    "index": 0
  },
  {
    "name": "Application Start",
    "start": 1675143213586,
    "end": 1675143214819,
    "duration": 1233,
    "pid": 14328,
    "index": 1
  },
  {
    "name": "Load Plugin",
    "start": 1675143213597,
    "end": 1675143213646,
    "duration": 49,
    "pid": 14328,
    "index": 2
  },
  {
    "name": "Load Config",
    "start": 1675143213646,
    "end": 1675143213706,
    "duration": 60,
    "pid": 14328,
    "index": 3
  },
  {
    "name": "Require(0) config/config.default.js",
    "start": 1675143213648,
    "end": 1675143213650,
    "duration": 2,
    "pid": 14328,
    "index": 4
  },
  {
    "name": "Require(1) node_modules/egg-session/config/config.default.js",
    "start": 1675143213657,
    "end": 1675143213658,
    "duration": 1,
    "pid": 14328,
    "index": 5
  },
  {
    "name": "Require(2) node_modules/egg-security/config/config.default.js",
    "start": 1675143213659,
    "end": 1675143213660,
    "duration": 1,
    "pid": 14328,
    "index": 6
  },
  {
    "name": "Require(3) node_modules/egg-jsonp/config/config.default.js",
    "start": 1675143213661,
    "end": 1675143213662,
    "duration": 1,
    "pid": 14328,
    "index": 7
  },
  {
    "name": "Require(4) node_modules/egg-onerror/config/config.default.js",
    "start": 1675143213663,
    "end": 1675143213663,
    "duration": 0,
    "pid": 14328,
    "index": 8
  },
  {
    "name": "Require(5) node_modules/egg-i18n/config/config.default.js",
    "start": 1675143213664,
    "end": 1675143213665,
    "duration": 1,
    "pid": 14328,
    "index": 9
  },
  {
    "name": "Require(6) node_modules/egg-watcher/config/config.default.js",
    "start": 1675143213665,
    "end": 1675143213666,
    "duration": 1,
    "pid": 14328,
    "index": 10
  },
  {
    "name": "Require(7) node_modules/egg-schedule/config/config.default.js",
    "start": 1675143213667,
    "end": 1675143213667,
    "duration": 0,
    "pid": 14328,
    "index": 11
  },
  {
    "name": "Require(8) node_modules/egg-multipart/config/config.default.js",
    "start": 1675143213668,
    "end": 1675143213670,
    "duration": 2,
    "pid": 14328,
    "index": 12
  },
  {
    "name": "Require(9) node_modules/egg-development/config/config.default.js",
    "start": 1675143213671,
    "end": 1675143213672,
    "duration": 1,
    "pid": 14328,
    "index": 13
  },
  {
    "name": "Require(10) node_modules/egg-logrotator/config/config.default.js",
    "start": 1675143213673,
    "end": 1675143213674,
    "duration": 1,
    "pid": 14328,
    "index": 14
  },
  {
    "name": "Require(11) node_modules/egg-static/config/config.default.js",
    "start": 1675143213674,
    "end": 1675143213675,
    "duration": 1,
    "pid": 14328,
    "index": 15
  },
  {
    "name": "Require(12) node_modules/egg-view/config/config.default.js",
    "start": 1675143213677,
    "end": 1675143213678,
    "duration": 1,
    "pid": 14328,
    "index": 16
  },
  {
    "name": "Require(13) node_modules/egg-view-nunjucks/config/config.default.js",
    "start": 1675143213680,
    "end": 1675143213682,
    "duration": 2,
    "pid": 14328,
    "index": 17
  },
  {
    "name": "Require(14) node_modules/egg-mongoose/config/config.default.js",
    "start": 1675143213682,
    "end": 1675143213683,
    "duration": 1,
    "pid": 14328,
    "index": 18
  },
  {
    "name": "Require(15) node_modules/egg-cors/config/config.default.js",
    "start": 1675143213684,
    "end": 1675143213685,
    "duration": 1,
    "pid": 14328,
    "index": 19
  },
  {
    "name": "Require(16) node_modules/egg-jwt/config/config.default.js",
    "start": 1675143213686,
    "end": 1675143213687,
    "duration": 1,
    "pid": 14328,
    "index": 20
  },
  {
    "name": "Require(17) node_modules/egg/config/config.default.js",
    "start": 1675143213688,
    "end": 1675143213690,
    "duration": 2,
    "pid": 14328,
    "index": 21
  },
  {
    "name": "Require(18) config/config.default.js",
    "start": 1675143213692,
    "end": 1675143213692,
    "duration": 0,
    "pid": 14328,
    "index": 22
  },
  {
    "name": "Require(19) node_modules/egg-security/config/config.local.js",
    "start": 1675143213693,
    "end": 1675143213694,
    "duration": 1,
    "pid": 14328,
    "index": 23
  },
  {
    "name": "Require(20) node_modules/egg-watcher/config/config.local.js",
    "start": 1675143213696,
    "end": 1675143213696,
    "duration": 0,
    "pid": 14328,
    "index": 24
  },
  {
    "name": "Require(21) node_modules/egg-view/config/config.local.js",
    "start": 1675143213699,
    "end": 1675143213699,
    "duration": 0,
    "pid": 14328,
    "index": 25
  },
  {
    "name": "Require(22) node_modules/egg-view-nunjucks/config/config.local.js",
    "start": 1675143213700,
    "end": 1675143213700,
    "duration": 0,
    "pid": 14328,
    "index": 26
  },
  {
    "name": "Require(23) node_modules/egg/config/config.local.js",
    "start": 1675143213703,
    "end": 1675143213704,
    "duration": 1,
    "pid": 14328,
    "index": 27
  },
  {
    "name": "Load extend/application.js",
    "start": 1675143213707,
    "end": 1675143213889,
    "duration": 182,
    "pid": 14328,
    "index": 28
  },
  {
    "name": "Require(24) node_modules/egg-session/app/extend/application.js",
    "start": 1675143213709,
    "end": 1675143213710,
    "duration": 1,
    "pid": 14328,
    "index": 29
  },
  {
    "name": "Require(25) node_modules/egg-security/app/extend/application.js",
    "start": 1675143213712,
    "end": 1675143213715,
    "duration": 3,
    "pid": 14328,
    "index": 30
  },
  {
    "name": "Require(26) node_modules/egg-jsonp/app/extend/application.js",
    "start": 1675143213716,
    "end": 1675143213721,
    "duration": 5,
    "pid": 14328,
    "index": 31
  },
  {
    "name": "Require(27) node_modules/egg-schedule/app/extend/application.js",
    "start": 1675143213723,
    "end": 1675143213729,
    "duration": 6,
    "pid": 14328,
    "index": 32
  },
  {
    "name": "Require(28) node_modules/egg-logrotator/app/extend/application.js",
    "start": 1675143213731,
    "end": 1675143213737,
    "duration": 6,
    "pid": 14328,
    "index": 33
  },
  {
    "name": "Require(29) node_modules/egg-view/app/extend/application.js",
    "start": 1675143213739,
    "end": 1675143213742,
    "duration": 3,
    "pid": 14328,
    "index": 34
  },
  {
    "name": "Require(30) node_modules/egg-view-nunjucks/app/extend/application.js",
    "start": 1675143213743,
    "end": 1675143213794,
    "duration": 51,
    "pid": 14328,
    "index": 35
  },
  {
    "name": "Require(31) node_modules/egg-jwt/app/extend/application.js",
    "start": 1675143213795,
    "end": 1675143213883,
    "duration": 88,
    "pid": 14328,
    "index": 36
  },
  {
    "name": "Load extend/request.js",
    "start": 1675143213889,
    "end": 1675143213900,
    "duration": 11,
    "pid": 14328,
    "index": 37
  },
  {
    "name": "Require(32) node_modules/egg/app/extend/request.js",
    "start": 1675143213894,
    "end": 1675143213896,
    "duration": 2,
    "pid": 14328,
    "index": 38
  },
  {
    "name": "Load extend/response.js",
    "start": 1675143213900,
    "end": 1675143213912,
    "duration": 12,
    "pid": 14328,
    "index": 39
  },
  {
    "name": "Require(33) node_modules/egg/app/extend/response.js",
    "start": 1675143213906,
    "end": 1675143213908,
    "duration": 2,
    "pid": 14328,
    "index": 40
  },
  {
    "name": "Load extend/context.js",
    "start": 1675143213912,
    "end": 1675143213956,
    "duration": 44,
    "pid": 14328,
    "index": 41
  },
  {
    "name": "Require(34) node_modules/egg-security/app/extend/context.js",
    "start": 1675143213913,
    "end": 1675143213928,
    "duration": 15,
    "pid": 14328,
    "index": 42
  },
  {
    "name": "Require(35) node_modules/egg-jsonp/app/extend/context.js",
    "start": 1675143213929,
    "end": 1675143213931,
    "duration": 2,
    "pid": 14328,
    "index": 43
  },
  {
    "name": "Require(36) node_modules/egg-i18n/app/extend/context.js",
    "start": 1675143213931,
    "end": 1675143213932,
    "duration": 1,
    "pid": 14328,
    "index": 44
  },
  {
    "name": "Require(37) node_modules/egg-multipart/app/extend/context.js",
    "start": 1675143213933,
    "end": 1675143213945,
    "duration": 12,
    "pid": 14328,
    "index": 45
  },
  {
    "name": "Require(38) node_modules/egg-view/app/extend/context.js",
    "start": 1675143213946,
    "end": 1675143213947,
    "duration": 1,
    "pid": 14328,
    "index": 46
  },
  {
    "name": "Require(39) node_modules/egg-mongoose/app/extend/context.js",
    "start": 1675143213948,
    "end": 1675143213948,
    "duration": 0,
    "pid": 14328,
    "index": 47
  },
  {
    "name": "Require(40) node_modules/egg/app/extend/context.js",
    "start": 1675143213949,
    "end": 1675143213952,
    "duration": 3,
    "pid": 14328,
    "index": 48
  },
  {
    "name": "Load extend/helper.js",
    "start": 1675143213957,
    "end": 1675143214101,
    "duration": 144,
    "pid": 14328,
    "index": 49
  },
  {
    "name": "Require(41) node_modules/egg-security/app/extend/helper.js",
    "start": 1675143213957,
    "end": 1675143213977,
    "duration": 20,
    "pid": 14328,
    "index": 50
  },
  {
    "name": "Require(42) node_modules/egg/app/extend/helper.js",
    "start": 1675143213981,
    "end": 1675143213982,
    "duration": 1,
    "pid": 14328,
    "index": 51
  },
  {
    "name": "Require(43) app/extend/helper.js",
    "start": 1675143213982,
    "end": 1675143214096,
    "duration": 114,
    "pid": 14328,
    "index": 52
  },
  {
    "name": "Load app.js",
    "start": 1675143214101,
    "end": 1675143214149,
    "duration": 48,
    "pid": 14328,
    "index": 53
  },
  {
    "name": "Require(44) node_modules/egg-session/app.js",
    "start": 1675143214101,
    "end": 1675143214102,
    "duration": 1,
    "pid": 14328,
    "index": 54
  },
  {
    "name": "Require(45) node_modules/egg-security/app.js",
    "start": 1675143214103,
    "end": 1675143214105,
    "duration": 2,
    "pid": 14328,
    "index": 55
  },
  {
    "name": "Require(46) node_modules/egg-onerror/app.js",
    "start": 1675143214106,
    "end": 1675143214117,
    "duration": 11,
    "pid": 14328,
    "index": 56
  },
  {
    "name": "Require(47) node_modules/egg-i18n/app.js",
    "start": 1675143214117,
    "end": 1675143214132,
    "duration": 15,
    "pid": 14328,
    "index": 57
  },
  {
    "name": "Require(48) node_modules/egg-watcher/app.js",
    "start": 1675143214132,
    "end": 1675143214136,
    "duration": 4,
    "pid": 14328,
    "index": 58
  },
  {
    "name": "Require(49) node_modules/egg-schedule/app.js",
    "start": 1675143214137,
    "end": 1675143214137,
    "duration": 0,
    "pid": 14328,
    "index": 59
  },
  {
    "name": "Require(50) node_modules/egg-multipart/app.js",
    "start": 1675143214138,
    "end": 1675143214143,
    "duration": 5,
    "pid": 14328,
    "index": 60
  },
  {
    "name": "Require(51) node_modules/egg-development/app.js",
    "start": 1675143214144,
    "end": 1675143214144,
    "duration": 0,
    "pid": 14328,
    "index": 61
  },
  {
    "name": "Require(52) node_modules/egg-logrotator/app.js",
    "start": 1675143214144,
    "end": 1675143214144,
    "duration": 0,
    "pid": 14328,
    "index": 62
  },
  {
    "name": "Require(53) node_modules/egg-static/app.js",
    "start": 1675143214145,
    "end": 1675143214145,
    "duration": 0,
    "pid": 14328,
    "index": 63
  },
  {
    "name": "Require(54) node_modules/egg-view-nunjucks/app.js",
    "start": 1675143214146,
    "end": 1675143214146,
    "duration": 0,
    "pid": 14328,
    "index": 64
  },
  {
    "name": "Require(55) node_modules/egg-mongoose/app.js",
    "start": 1675143214147,
    "end": 1675143214147,
    "duration": 0,
    "pid": 14328,
    "index": 65
  },
  {
    "name": "Require(56) node_modules/egg-cors/app.js",
    "start": 1675143214147,
    "end": 1675143214148,
    "duration": 1,
    "pid": 14328,
    "index": 66
  },
  {
    "name": "Require(57) node_modules/egg-jwt/app.js",
    "start": 1675143214148,
    "end": 1675143214148,
    "duration": 0,
    "pid": 14328,
    "index": 67
  },
  {
    "name": "Before Start in node_modules/egg-watcher/lib/init.js:15:14",
    "start": 1675143214159,
    "end": 1675143214818,
    "duration": 659,
    "pid": 14328,
    "index": 68
  },
  {
    "name": "Before Start in node_modules/egg-mongoose/lib/mongoose.js:104:7",
    "start": 1675143214645,
    "end": 1675143214817,
    "duration": 172,
    "pid": 14328,
    "index": 69
  },
  {
    "name": "Before Start in node_modules/egg-mongoose/lib/mongoose.js:52:9",
    "start": 1675143214645,
    "end": 1675143214803,
    "duration": 158,
    "pid": 14328,
    "index": 70
  },
  {
    "name": "Load Service",
    "start": 1675143214646,
    "end": 1675143214676,
    "duration": 30,
    "pid": 14328,
    "index": 71
  },
  {
    "name": "Load \"service\" to Context",
    "start": 1675143214646,
    "end": 1675143214676,
    "duration": 30,
    "pid": 14328,
    "index": 72
  },
  {
    "name": "Load Middleware",
    "start": 1675143214677,
    "end": 1675143214773,
    "duration": 96,
    "pid": 14328,
    "index": 73
  },
  {
    "name": "Load \"middlewares\" to Application",
    "start": 1675143214677,
    "end": 1675143214764,
    "duration": 87,
    "pid": 14328,
    "index": 74
  },
  {
    "name": "Load Controller",
    "start": 1675143214773,
    "end": 1675143214776,
    "duration": 3,
    "pid": 14328,
    "index": 75
  },
  {
    "name": "Load \"controller\" to Application",
    "start": 1675143214773,
    "end": 1675143214776,
    "duration": 3,
    "pid": 14328,
    "index": 76
  },
  {
    "name": "Load Router",
    "start": 1675143214776,
    "end": 1675143214779,
    "duration": 3,
    "pid": 14328,
    "index": 77
  },
  {
    "name": "Require(58) app/router.js",
    "start": 1675143214776,
    "end": 1675143214777,
    "duration": 1,
    "pid": 14328,
    "index": 78
  },
  {
    "name": "Before Start in node_modules/egg-core/lib/egg.js:304:10",
    "start": 1675143214777,
    "end": 1675143214803,
    "duration": 26,
    "pid": 14328,
    "index": 79
  },
  {
    "name": "Load \"model\" to Application",
    "start": 1675143214788,
    "end": 1675143214802,
    "duration": 14,
    "pid": 14328,
    "index": 80
  }
]