[
  {
    "name": "Process Start",
    "start": 1675143210456,
    "end": 1675143211561,
    "duration": 1105,
    "pid": 31004,
    "index": 0
  },
  {
    "name": "Application Start",
    "start": 1675143211562,
    "end": 1675143212981,
    "duration": 1419,
    "pid": 31004,
    "index": 1
  },
  {
    "name": "Load Plugin",
    "start": 1675143211566,
    "end": 1675143211587,
    "duration": 21,
    "pid": 31004,
    "index": 2
  },
  {
    "name": "Load Config",
    "start": 1675143211587,
    "end": 1675143211616,
    "duration": 29,
    "pid": 31004,
    "index": 3
  },
  {
    "name": "Require(0) config/config.default.js",
    "start": 1675143211588,
    "end": 1675143211590,
    "duration": 2,
    "pid": 31004,
    "index": 4
  },
  {
    "name": "Require(1) node_modules/egg-session/config/config.default.js",
    "start": 1675143211592,
    "end": 1675143211592,
    "duration": 0,
    "pid": 31004,
    "index": 5
  },
  {
    "name": "Require(2) node_modules/egg-security/config/config.default.js",
    "start": 1675143211593,
    "end": 1675143211593,
    "duration": 0,
    "pid": 31004,
    "index": 6
  },
  {
    "name": "Require(3) node_modules/egg-jsonp/config/config.default.js",
    "start": 1675143211594,
    "end": 1675143211594,
    "duration": 0,
    "pid": 31004,
    "index": 7
  },
  {
    "name": "Require(4) node_modules/egg-onerror/config/config.default.js",
    "start": 1675143211594,
    "end": 1675143211595,
    "duration": 1,
    "pid": 31004,
    "index": 8
  },
  {
    "name": "Require(5) node_modules/egg-i18n/config/config.default.js",
    "start": 1675143211595,
    "end": 1675143211596,
    "duration": 1,
    "pid": 31004,
    "index": 9
  },
  {
    "name": "Require(6) node_modules/egg-watcher/config/config.default.js",
    "start": 1675143211597,
    "end": 1675143211597,
    "duration": 0,
    "pid": 31004,
    "index": 10
  },
  {
    "name": "Require(7) node_modules/egg-schedule/config/config.default.js",
    "start": 1675143211598,
    "end": 1675143211599,
    "duration": 1,
    "pid": 31004,
    "index": 11
  },
  {
    "name": "Require(8) node_modules/egg-multipart/config/config.default.js",
    "start": 1675143211600,
    "end": 1675143211600,
    "duration": 0,
    "pid": 31004,
    "index": 12
  },
  {
    "name": "Require(9) node_modules/egg-development/config/config.default.js",
    "start": 1675143211601,
    "end": 1675143211601,
    "duration": 0,
    "pid": 31004,
    "index": 13
  },
  {
    "name": "Require(10) node_modules/egg-logrotator/config/config.default.js",
    "start": 1675143211602,
    "end": 1675143211602,
    "duration": 0,
    "pid": 31004,
    "index": 14
  },
  {
    "name": "Require(11) node_modules/egg-static/config/config.default.js",
    "start": 1675143211603,
    "end": 1675143211604,
    "duration": 1,
    "pid": 31004,
    "index": 15
  },
  {
    "name": "Require(12) node_modules/egg-view/config/config.default.js",
    "start": 1675143211604,
    "end": 1675143211605,
    "duration": 1,
    "pid": 31004,
    "index": 16
  },
  {
    "name": "Require(13) node_modules/egg-view-nunjucks/config/config.default.js",
    "start": 1675143211605,
    "end": 1675143211606,
    "duration": 1,
    "pid": 31004,
    "index": 17
  },
  {
    "name": "Require(14) node_modules/egg-mongoose/config/config.default.js",
    "start": 1675143211606,
    "end": 1675143211607,
    "duration": 1,
    "pid": 31004,
    "index": 18
  },
  {
    "name": "Require(15) node_modules/egg-cors/config/config.default.js",
    "start": 1675143211607,
    "end": 1675143211608,
    "duration": 1,
    "pid": 31004,
    "index": 19
  },
  {
    "name": "Require(16) node_modules/egg-jwt/config/config.default.js",
    "start": 1675143211608,
    "end": 1675143211608,
    "duration": 0,
    "pid": 31004,
    "index": 20
  },
  {
    "name": "Require(17) node_modules/egg/config/config.default.js",
    "start": 1675143211609,
    "end": 1675143211609,
    "duration": 0,
    "pid": 31004,
    "index": 21
  },
  {
    "name": "Require(18) config/config.default.js",
    "start": 1675143211610,
    "end": 1675143211610,
    "duration": 0,
    "pid": 31004,
    "index": 22
  },
  {
    "name": "Require(19) node_modules/egg-security/config/config.local.js",
    "start": 1675143211611,
    "end": 1675143211611,
    "duration": 0,
    "pid": 31004,
    "index": 23
  },
  {
    "name": "Require(20) node_modules/egg-watcher/config/config.local.js",
    "start": 1675143211612,
    "end": 1675143211612,
    "duration": 0,
    "pid": 31004,
    "index": 24
  },
  {
    "name": "Require(21) node_modules/egg-view/config/config.local.js",
    "start": 1675143211614,
    "end": 1675143211614,
    "duration": 0,
    "pid": 31004,
    "index": 25
  },
  {
    "name": "Require(22) node_modules/egg-view-nunjucks/config/config.local.js",
    "start": 1675143211614,
    "end": 1675143211615,
    "duration": 1,
    "pid": 31004,
    "index": 26
  },
  {
    "name": "Require(23) node_modules/egg/config/config.local.js",
    "start": 1675143211616,
    "end": 1675143211616,
    "duration": 0,
    "pid": 31004,
    "index": 27
  },
  {
    "name": "Load extend/application.js",
    "start": 1675143211618,
    "end": 1675143211744,
    "duration": 126,
    "pid": 31004,
    "index": 28
  },
  {
    "name": "Require(24) node_modules/egg-session/app/extend/application.js",
    "start": 1675143211619,
    "end": 1675143211620,
    "duration": 1,
    "pid": 31004,
    "index": 29
  },
  {
    "name": "Require(25) node_modules/egg-security/app/extend/application.js",
    "start": 1675143211621,
    "end": 1675143211623,
    "duration": 2,
    "pid": 31004,
    "index": 30
  },
  {
    "name": "Require(26) node_modules/egg-jsonp/app/extend/application.js",
    "start": 1675143211623,
    "end": 1675143211625,
    "duration": 2,
    "pid": 31004,
    "index": 31
  },
  {
    "name": "Require(27) node_modules/egg-schedule/app/extend/application.js",
    "start": 1675143211626,
    "end": 1675143211629,
    "duration": 3,
    "pid": 31004,
    "index": 32
  },
  {
    "name": "Require(28) node_modules/egg-logrotator/app/extend/application.js",
    "start": 1675143211630,
    "end": 1675143211632,
    "duration": 2,
    "pid": 31004,
    "index": 33
  },
  {
    "name": "Require(29) node_modules/egg-view/app/extend/application.js",
    "start": 1675143211632,
    "end": 1675143211634,
    "duration": 2,
    "pid": 31004,
    "index": 34
  },
  {
    "name": "Require(30) node_modules/egg-view-nunjucks/app/extend/application.js",
    "start": 1675143211635,
    "end": 1675143211673,
    "duration": 38,
    "pid": 31004,
    "index": 35
  },
  {
    "name": "Require(31) node_modules/egg-jwt/app/extend/application.js",
    "start": 1675143211674,
    "end": 1675143211738,
    "duration": 64,
    "pid": 31004,
    "index": 36
  },
  {
    "name": "Load extend/request.js",
    "start": 1675143211744,
    "end": 1675143211754,
    "duration": 10,
    "pid": 31004,
    "index": 37
  },
  {
    "name": "Require(32) node_modules/egg/app/extend/request.js",
    "start": 1675143211748,
    "end": 1675143211749,
    "duration": 1,
    "pid": 31004,
    "index": 38
  },
  {
    "name": "Load extend/response.js",
    "start": 1675143211754,
    "end": 1675143211765,
    "duration": 11,
    "pid": 31004,
    "index": 39
  },
  {
    "name": "Require(33) node_modules/egg/app/extend/response.js",
    "start": 1675143211758,
    "end": 1675143211760,
    "duration": 2,
    "pid": 31004,
    "index": 40
  },
  {
    "name": "Load extend/context.js",
    "start": 1675143211765,
    "end": 1675143211801,
    "duration": 36,
    "pid": 31004,
    "index": 41
  },
  {
    "name": "Require(34) node_modules/egg-security/app/extend/context.js",
    "start": 1675143211765,
    "end": 1675143211777,
    "duration": 12,
    "pid": 31004,
    "index": 42
  },
  {
    "name": "Require(35) node_modules/egg-jsonp/app/extend/context.js",
    "start": 1675143211777,
    "end": 1675143211779,
    "duration": 2,
    "pid": 31004,
    "index": 43
  },
  {
    "name": "Require(36) node_modules/egg-i18n/app/extend/context.js",
    "start": 1675143211779,
    "end": 1675143211780,
    "duration": 1,
    "pid": 31004,
    "index": 44
  },
  {
    "name": "Require(37) node_modules/egg-multipart/app/extend/context.js",
    "start": 1675143211780,
    "end": 1675143211792,
    "duration": 12,
    "pid": 31004,
    "index": 45
  },
  {
    "name": "Require(38) node_modules/egg-view/app/extend/context.js",
    "start": 1675143211793,
    "end": 1675143211793,
    "duration": 0,
    "pid": 31004,
    "index": 46
  },
  {
    "name": "Require(39) node_modules/egg-mongoose/app/extend/context.js",
    "start": 1675143211794,
    "end": 1675143211794,
    "duration": 0,
    "pid": 31004,
    "index": 47
  },
  {
    "name": "Require(40) node_modules/egg/app/extend/context.js",
    "start": 1675143211795,
    "end": 1675143211797,
    "duration": 2,
    "pid": 31004,
    "index": 48
  },
  {
    "name": "Load extend/helper.js",
    "start": 1675143211801,
    "end": 1675143211937,
    "duration": 136,
    "pid": 31004,
    "index": 49
  },
  {
    "name": "Require(41) node_modules/egg-security/app/extend/helper.js",
    "start": 1675143211802,
    "end": 1675143211823,
    "duration": 21,
    "pid": 31004,
    "index": 50
  },
  {
    "name": "Require(42) node_modules/egg/app/extend/helper.js",
    "start": 1675143211826,
    "end": 1675143211827,
    "duration": 1,
    "pid": 31004,
    "index": 51
  },
  {
    "name": "Require(43) app/extend/helper.js",
    "start": 1675143211827,
    "end": 1675143211933,
    "duration": 106,
    "pid": 31004,
    "index": 52
  },
  {
    "name": "Load app.js",
    "start": 1675143211938,
    "end": 1675143211983,
    "duration": 45,
    "pid": 31004,
    "index": 53
  },
  {
    "name": "Require(44) node_modules/egg-session/app.js",
    "start": 1675143211938,
    "end": 1675143211938,
    "duration": 0,
    "pid": 31004,
    "index": 54
  },
  {
    "name": "Require(45) node_modules/egg-security/app.js",
    "start": 1675143211939,
    "end": 1675143211941,
    "duration": 2,
    "pid": 31004,
    "index": 55
  },
  {
    "name": "Require(46) node_modules/egg-onerror/app.js",
    "start": 1675143211941,
    "end": 1675143211953,
    "duration": 12,
    "pid": 31004,
    "index": 56
  },
  {
    "name": "Require(47) node_modules/egg-i18n/app.js",
    "start": 1675143211954,
    "end": 1675143211970,
    "duration": 16,
    "pid": 31004,
    "index": 57
  },
  {
    "name": "Require(48) node_modules/egg-watcher/app.js",
    "start": 1675143211971,
    "end": 1675143211974,
    "duration": 3,
    "pid": 31004,
    "index": 58
  },
  {
    "name": "Require(49) node_modules/egg-schedule/app.js",
    "start": 1675143211974,
    "end": 1675143211975,
    "duration": 1,
    "pid": 31004,
    "index": 59
  },
  {
    "name": "Require(50) node_modules/egg-multipart/app.js",
    "start": 1675143211975,
    "end": 1675143211977,
    "duration": 2,
    "pid": 31004,
    "index": 60
  },
  {
    "name": "Require(51) node_modules/egg-development/app.js",
    "start": 1675143211977,
    "end": 1675143211978,
    "duration": 1,
    "pid": 31004,
    "index": 61
  },
  {
    "name": "Require(52) node_modules/egg-logrotator/app.js",
    "start": 1675143211978,
    "end": 1675143211978,
    "duration": 0,
    "pid": 31004,
    "index": 62
  },
  {
    "name": "Require(53) node_modules/egg-static/app.js",
    "start": 1675143211978,
    "end": 1675143211979,
    "duration": 1,
    "pid": 31004,
    "index": 63
  },
  {
    "name": "Require(54) node_modules/egg-view-nunjucks/app.js",
    "start": 1675143211979,
    "end": 1675143211980,
    "duration": 1,
    "pid": 31004,
    "index": 64
  },
  {
    "name": "Require(55) node_modules/egg-mongoose/app.js",
    "start": 1675143211980,
    "end": 1675143211980,
    "duration": 0,
    "pid": 31004,
    "index": 65
  },
  {
    "name": "Require(56) node_modules/egg-cors/app.js",
    "start": 1675143211981,
    "end": 1675143211981,
    "duration": 0,
    "pid": 31004,
    "index": 66
  },
  {
    "name": "Require(57) node_modules/egg-jwt/app.js",
    "start": 1675143211981,
    "end": 1675143211982,
    "duration": 1,
    "pid": 31004,
    "index": 67
  },
  {
    "name": "Before Start in node_modules/egg-watcher/lib/init.js:15:14",
    "start": 1675143211992,
    "end": 1675143212980,
    "duration": 988,
    "pid": 31004,
    "index": 68
  },
  {
    "name": "Before Start in node_modules/egg-mongoose/lib/mongoose.js:104:7",
    "start": 1675143212682,
    "end": 1675143212977,
    "duration": 295,
    "pid": 31004,
    "index": 69
  },
  {
    "name": "Before Start in node_modules/egg-mongoose/lib/mongoose.js:52:9",
    "start": 1675143212682,
    "end": 1675143212947,
    "duration": 265,
    "pid": 31004,
    "index": 70
  },
  {
    "name": "Load Service",
    "start": 1675143212682,
    "end": 1675143212748,
    "duration": 66,
    "pid": 31004,
    "index": 71
  },
  {
    "name": "Load \"service\" to Context",
    "start": 1675143212683,
    "end": 1675143212748,
    "duration": 65,
    "pid": 31004,
    "index": 72
  },
  {
    "name": "Load Middleware",
    "start": 1675143212748,
    "end": 1675143212900,
    "duration": 152,
    "pid": 31004,
    "index": 73
  },
  {
    "name": "Load \"middlewares\" to Application",
    "start": 1675143212748,
    "end": 1675143212889,
    "duration": 141,
    "pid": 31004,
    "index": 74
  },
  {
    "name": "Load Controller",
    "start": 1675143212900,
    "end": 1675143212907,
    "duration": 7,
    "pid": 31004,
    "index": 75
  },
  {
    "name": "Load \"controller\" to Application",
    "start": 1675143212901,
    "end": 1675143212906,
    "duration": 5,
    "pid": 31004,
    "index": 76
  },
  {
    "name": "Load Router",
    "start": 1675143212907,
    "end": 1675143212909,
    "duration": 2,
    "pid": 31004,
    "index": 77
  },
  {
    "name": "Require(58) app/router.js",
    "start": 1675143212907,
    "end": 1675143212907,
    "duration": 0,
    "pid": 31004,
    "index": 78
  },
  {
    "name": "Before Start in node_modules/egg-core/lib/egg.js:304:10",
    "start": 1675143212908,
    "end": 1675143212947,
    "duration": 39,
    "pid": 31004,
    "index": 79
  },
  {
    "name": "Load \"model\" to Application",
    "start": 1675143212918,
    "end": 1675143212946,
    "duration": 28,
    "pid": 31004,
    "index": 80
  }
]