[
  {
    "name": "Process Start",
    "start": 1675146938557,
    "end": 1675146939719,
    "duration": 1162,
    "pid": 29708,
    "index": 0
  },
  {
    "name": "Application Start",
    "start": 1675146939720,
    "end": 1675146940808,
    "duration": 1088,
    "pid": 29708,
    "index": 1
  },
  {
    "name": "Load Plugin",
    "start": 1675146939724,
    "end": 1675146939747,
    "duration": 23,
    "pid": 29708,
    "index": 2
  },
  {
    "name": "Load Config",
    "start": 1675146939747,
    "end": 1675146939775,
    "duration": 28,
    "pid": 29708,
    "index": 3
  },
  {
    "name": "Require(0) config/config.default.js",
    "start": 1675146939748,
    "end": 1675146939749,
    "duration": 1,
    "pid": 29708,
    "index": 4
  },
  {
    "name": "Require(1) node_modules/egg-session/config/config.default.js",
    "start": 1675146939751,
    "end": 1675146939751,
    "duration": 0,
    "pid": 29708,
    "index": 5
  },
  {
    "name": "Require(2) node_modules/egg-security/config/config.default.js",
    "start": 1675146939752,
    "end": 1675146939752,
    "duration": 0,
    "pid": 29708,
    "index": 6
  },
  {
    "name": "Require(3) node_modules/egg-jsonp/config/config.default.js",
    "start": 1675146939753,
    "end": 1675146939753,
    "duration": 0,
    "pid": 29708,
    "index": 7
  },
  {
    "name": "Require(4) node_modules/egg-onerror/config/config.default.js",
    "start": 1675146939754,
    "end": 1675146939754,
    "duration": 0,
    "pid": 29708,
    "index": 8
  },
  {
    "name": "Require(5) node_modules/egg-i18n/config/config.default.js",
    "start": 1675146939755,
    "end": 1675146939755,
    "duration": 0,
    "pid": 29708,
    "index": 9
  },
  {
    "name": "Require(6) node_modules/egg-watcher/config/config.default.js",
    "start": 1675146939756,
    "end": 1675146939757,
    "duration": 1,
    "pid": 29708,
    "index": 10
  },
  {
    "name": "Require(7) node_modules/egg-schedule/config/config.default.js",
    "start": 1675146939757,
    "end": 1675146939758,
    "duration": 1,
    "pid": 29708,
    "index": 11
  },
  {
    "name": "Require(8) node_modules/egg-multipart/config/config.default.js",
    "start": 1675146939759,
    "end": 1675146939759,
    "duration": 0,
    "pid": 29708,
    "index": 12
  },
  {
    "name": "Require(9) node_modules/egg-development/config/config.default.js",
    "start": 1675146939760,
    "end": 1675146939760,
    "duration": 0,
    "pid": 29708,
    "index": 13
  },
  {
    "name": "Require(10) node_modules/egg-logrotator/config/config.default.js",
    "start": 1675146939760,
    "end": 1675146939761,
    "duration": 1,
    "pid": 29708,
    "index": 14
  },
  {
    "name": "Require(11) node_modules/egg-static/config/config.default.js",
    "start": 1675146939761,
    "end": 1675146939761,
    "duration": 0,
    "pid": 29708,
    "index": 15
  },
  {
    "name": "Require(12) node_modules/egg-view/config/config.default.js",
    "start": 1675146939762,
    "end": 1675146939762,
    "duration": 0,
    "pid": 29708,
    "index": 16
  },
  {
    "name": "Require(13) node_modules/egg-view-nunjucks/config/config.default.js",
    "start": 1675146939763,
    "end": 1675146939763,
    "duration": 0,
    "pid": 29708,
    "index": 17
  },
  {
    "name": "Require(14) node_modules/egg-mongoose/config/config.default.js",
    "start": 1675146939764,
    "end": 1675146939764,
    "duration": 0,
    "pid": 29708,
    "index": 18
  },
  {
    "name": "Require(15) node_modules/egg-cors/config/config.default.js",
    "start": 1675146939764,
    "end": 1675146939765,
    "duration": 1,
    "pid": 29708,
    "index": 19
  },
  {
    "name": "Require(16) node_modules/egg-jwt/config/config.default.js",
    "start": 1675146939765,
    "end": 1675146939765,
    "duration": 0,
    "pid": 29708,
    "index": 20
  },
  {
    "name": "Require(17) node_modules/egg/config/config.default.js",
    "start": 1675146939766,
    "end": 1675146939766,
    "duration": 0,
    "pid": 29708,
    "index": 21
  },
  {
    "name": "Require(18) config/config.default.js",
    "start": 1675146939767,
    "end": 1675146939767,
    "duration": 0,
    "pid": 29708,
    "index": 22
  },
  {
    "name": "Require(19) node_modules/egg-security/config/config.local.js",
    "start": 1675146939768,
    "end": 1675146939768,
    "duration": 0,
    "pid": 29708,
    "index": 23
  },
  {
    "name": "Require(20) node_modules/egg-watcher/config/config.local.js",
    "start": 1675146939769,
    "end": 1675146939769,
    "duration": 0,
    "pid": 29708,
    "index": 24
  },
  {
    "name": "Require(21) node_modules/egg-view/config/config.local.js",
    "start": 1675146939771,
    "end": 1675146939771,
    "duration": 0,
    "pid": 29708,
    "index": 25
  },
  {
    "name": "Require(22) node_modules/egg-view-nunjucks/config/config.local.js",
    "start": 1675146939772,
    "end": 1675146939772,
    "duration": 0,
    "pid": 29708,
    "index": 26
  },
  {
    "name": "Require(23) node_modules/egg/config/config.local.js",
    "start": 1675146939774,
    "end": 1675146939774,
    "duration": 0,
    "pid": 29708,
    "index": 27
  },
  {
    "name": "Load extend/application.js",
    "start": 1675146939776,
    "end": 1675146939885,
    "duration": 109,
    "pid": 29708,
    "index": 28
  },
  {
    "name": "Require(24) node_modules/egg-session/app/extend/application.js",
    "start": 1675146939777,
    "end": 1675146939777,
    "duration": 0,
    "pid": 29708,
    "index": 29
  },
  {
    "name": "Require(25) node_modules/egg-security/app/extend/application.js",
    "start": 1675146939778,
    "end": 1675146939780,
    "duration": 2,
    "pid": 29708,
    "index": 30
  },
  {
    "name": "Require(26) node_modules/egg-jsonp/app/extend/application.js",
    "start": 1675146939780,
    "end": 1675146939782,
    "duration": 2,
    "pid": 29708,
    "index": 31
  },
  {
    "name": "Require(27) node_modules/egg-schedule/app/extend/application.js",
    "start": 1675146939783,
    "end": 1675146939786,
    "duration": 3,
    "pid": 29708,
    "index": 32
  },
  {
    "name": "Require(28) node_modules/egg-logrotator/app/extend/application.js",
    "start": 1675146939786,
    "end": 1675146939789,
    "duration": 3,
    "pid": 29708,
    "index": 33
  },
  {
    "name": "Require(29) node_modules/egg-view/app/extend/application.js",
    "start": 1675146939790,
    "end": 1675146939792,
    "duration": 2,
    "pid": 29708,
    "index": 34
  },
  {
    "name": "Require(30) node_modules/egg-view-nunjucks/app/extend/application.js",
    "start": 1675146939792,
    "end": 1675146939819,
    "duration": 27,
    "pid": 29708,
    "index": 35
  },
  {
    "name": "Require(31) node_modules/egg-jwt/app/extend/application.js",
    "start": 1675146939821,
    "end": 1675146939880,
    "duration": 59,
    "pid": 29708,
    "index": 36
  },
  {
    "name": "Load extend/request.js",
    "start": 1675146939885,
    "end": 1675146939895,
    "duration": 10,
    "pid": 29708,
    "index": 37
  },
  {
    "name": "Require(32) node_modules/egg/app/extend/request.js",
    "start": 1675146939889,
    "end": 1675146939891,
    "duration": 2,
    "pid": 29708,
    "index": 38
  },
  {
    "name": "Load extend/response.js",
    "start": 1675146939895,
    "end": 1675146939908,
    "duration": 13,
    "pid": 29708,
    "index": 39
  },
  {
    "name": "Require(33) node_modules/egg/app/extend/response.js",
    "start": 1675146939900,
    "end": 1675146939902,
    "duration": 2,
    "pid": 29708,
    "index": 40
  },
  {
    "name": "Load extend/context.js",
    "start": 1675146939908,
    "end": 1675146939949,
    "duration": 41,
    "pid": 29708,
    "index": 41
  },
  {
    "name": "Require(34) node_modules/egg-security/app/extend/context.js",
    "start": 1675146939908,
    "end": 1675146939920,
    "duration": 12,
    "pid": 29708,
    "index": 42
  },
  {
    "name": "Require(35) node_modules/egg-jsonp/app/extend/context.js",
    "start": 1675146939921,
    "end": 1675146939923,
    "duration": 2,
    "pid": 29708,
    "index": 43
  },
  {
    "name": "Require(36) node_modules/egg-i18n/app/extend/context.js",
    "start": 1675146939924,
    "end": 1675146939925,
    "duration": 1,
    "pid": 29708,
    "index": 44
  },
  {
    "name": "Require(37) node_modules/egg-multipart/app/extend/context.js",
    "start": 1675146939925,
    "end": 1675146939939,
    "duration": 14,
    "pid": 29708,
    "index": 45
  },
  {
    "name": "Require(38) node_modules/egg-view/app/extend/context.js",
    "start": 1675146939940,
    "end": 1675146939941,
    "duration": 1,
    "pid": 29708,
    "index": 46
  },
  {
    "name": "Require(39) node_modules/egg-mongoose/app/extend/context.js",
    "start": 1675146939942,
    "end": 1675146939942,
    "duration": 0,
    "pid": 29708,
    "index": 47
  },
  {
    "name": "Require(40) node_modules/egg/app/extend/context.js",
    "start": 1675146939943,
    "end": 1675146939944,
    "duration": 1,
    "pid": 29708,
    "index": 48
  },
  {
    "name": "Load extend/helper.js",
    "start": 1675146939949,
    "end": 1675146940083,
    "duration": 134,
    "pid": 29708,
    "index": 49
  },
  {
    "name": "Require(41) node_modules/egg-security/app/extend/helper.js",
    "start": 1675146939950,
    "end": 1675146939967,
    "duration": 17,
    "pid": 29708,
    "index": 50
  },
  {
    "name": "Require(42) node_modules/egg/app/extend/helper.js",
    "start": 1675146939972,
    "end": 1675146939972,
    "duration": 0,
    "pid": 29708,
    "index": 51
  },
  {
    "name": "Require(43) app/extend/helper.js",
    "start": 1675146939973,
    "end": 1675146940079,
    "duration": 106,
    "pid": 29708,
    "index": 52
  },
  {
    "name": "Load app.js",
    "start": 1675146940083,
    "end": 1675146940122,
    "duration": 39,
    "pid": 29708,
    "index": 53
  },
  {
    "name": "Require(44) node_modules/egg-session/app.js",
    "start": 1675146940084,
    "end": 1675146940084,
    "duration": 0,
    "pid": 29708,
    "index": 54
  },
  {
    "name": "Require(45) node_modules/egg-security/app.js",
    "start": 1675146940084,
    "end": 1675146940086,
    "duration": 2,
    "pid": 29708,
    "index": 55
  },
  {
    "name": "Require(46) node_modules/egg-onerror/app.js",
    "start": 1675146940087,
    "end": 1675146940095,
    "duration": 8,
    "pid": 29708,
    "index": 56
  },
  {
    "name": "Require(47) node_modules/egg-i18n/app.js",
    "start": 1675146940096,
    "end": 1675146940110,
    "duration": 14,
    "pid": 29708,
    "index": 57
  },
  {
    "name": "Require(48) node_modules/egg-watcher/app.js",
    "start": 1675146940110,
    "end": 1675146940113,
    "duration": 3,
    "pid": 29708,
    "index": 58
  },
  {
    "name": "Require(49) node_modules/egg-schedule/app.js",
    "start": 1675146940114,
    "end": 1675146940114,
    "duration": 0,
    "pid": 29708,
    "index": 59
  },
  {
    "name": "Require(50) node_modules/egg-multipart/app.js",
    "start": 1675146940115,
    "end": 1675146940116,
    "duration": 1,
    "pid": 29708,
    "index": 60
  },
  {
    "name": "Require(51) node_modules/egg-development/app.js",
    "start": 1675146940116,
    "end": 1675146940117,
    "duration": 1,
    "pid": 29708,
    "index": 61
  },
  {
    "name": "Require(52) node_modules/egg-logrotator/app.js",
    "start": 1675146940117,
    "end": 1675146940117,
    "duration": 0,
    "pid": 29708,
    "index": 62
  },
  {
    "name": "Require(53) node_modules/egg-static/app.js",
    "start": 1675146940117,
    "end": 1675146940118,
    "duration": 1,
    "pid": 29708,
    "index": 63
  },
  {
    "name": "Require(54) node_modules/egg-view-nunjucks/app.js",
    "start": 1675146940118,
    "end": 1675146940119,
    "duration": 1,
    "pid": 29708,
    "index": 64
  },
  {
    "name": "Require(55) node_modules/egg-mongoose/app.js",
    "start": 1675146940119,
    "end": 1675146940119,
    "duration": 0,
    "pid": 29708,
    "index": 65
  },
  {
    "name": "Require(56) node_modules/egg-cors/app.js",
    "start": 1675146940120,
    "end": 1675146940120,
    "duration": 0,
    "pid": 29708,
    "index": 66
  },
  {
    "name": "Require(57) node_modules/egg-jwt/app.js",
    "start": 1675146940120,
    "end": 1675146940120,
    "duration": 0,
    "pid": 29708,
    "index": 67
  },
  {
    "name": "Before Start in node_modules/egg-watcher/lib/init.js:15:14",
    "start": 1675146940128,
    "end": 1675146940808,
    "duration": 680,
    "pid": 29708,
    "index": 68
  },
  {
    "name": "Before Start in node_modules/egg-mongoose/lib/mongoose.js:104:7",
    "start": 1675146940621,
    "end": 1675146940806,
    "duration": 185,
    "pid": 29708,
    "index": 69
  },
  {
    "name": "Before Start in node_modules/egg-mongoose/lib/mongoose.js:52:9",
    "start": 1675146940621,
    "end": 1675146940794,
    "duration": 173,
    "pid": 29708,
    "index": 70
  },
  {
    "name": "Load Service",
    "start": 1675146940621,
    "end": 1675146940661,
    "duration": 40,
    "pid": 29708,
    "index": 71
  },
  {
    "name": "Load \"service\" to Context",
    "start": 1675146940621,
    "end": 1675146940660,
    "duration": 39,
    "pid": 29708,
    "index": 72
  },
  {
    "name": "Load Middleware",
    "start": 1675146940661,
    "end": 1675146940761,
    "duration": 100,
    "pid": 29708,
    "index": 73
  },
  {
    "name": "Load \"middlewares\" to Application",
    "start": 1675146940661,
    "end": 1675146940751,
    "duration": 90,
    "pid": 29708,
    "index": 74
  },
  {
    "name": "Load Controller",
    "start": 1675146940761,
    "end": 1675146940765,
    "duration": 4,
    "pid": 29708,
    "index": 75
  },
  {
    "name": "Load \"controller\" to Application",
    "start": 1675146940761,
    "end": 1675146940765,
    "duration": 4,
    "pid": 29708,
    "index": 76
  },
  {
    "name": "Load Router",
    "start": 1675146940765,
    "end": 1675146940767,
    "duration": 2,
    "pid": 29708,
    "index": 77
  },
  {
    "name": "Require(58) app/router.js",
    "start": 1675146940765,
    "end": 1675146940765,
    "duration": 0,
    "pid": 29708,
    "index": 78
  },
  {
    "name": "Before Start in node_modules/egg-core/lib/egg.js:304:10",
    "start": 1675146940765,
    "end": 1675146940794,
    "duration": 29,
    "pid": 29708,
    "index": 79
  },
  {
    "name": "Load \"model\" to Application",
    "start": 1675146940776,
    "end": 1675146940793,
    "duration": 17,
    "pid": 29708,
    "index": 80
  }
]