[
  {
    "name": "Process Start",
    "start": 1675143214856,
    "end": 1675143215919,
    "duration": 1063,
    "pid": 27724,
    "index": 0
  },
  {
    "name": "Application Start",
    "start": 1675143215920,
    "end": 1675143216901,
    "duration": 981,
    "pid": 27724,
    "index": 1
  },
  {
    "name": "Load Plugin",
    "start": 1675143215924,
    "end": 1675143215941,
    "duration": 17,
    "pid": 27724,
    "index": 2
  },
  {
    "name": "Load Config",
    "start": 1675143215941,
    "end": 1675143215966,
    "duration": 25,
    "pid": 27724,
    "index": 3
  },
  {
    "name": "Require(0) config/config.default.js",
    "start": 1675143215942,
    "end": 1675143215943,
    "duration": 1,
    "pid": 27724,
    "index": 4
  },
  {
    "name": "Require(1) node_modules/egg-session/config/config.default.js",
    "start": 1675143215944,
    "end": 1675143215945,
    "duration": 1,
    "pid": 27724,
    "index": 5
  },
  {
    "name": "Require(2) node_modules/egg-security/config/config.default.js",
    "start": 1675143215945,
    "end": 1675143215945,
    "duration": 0,
    "pid": 27724,
    "index": 6
  },
  {
    "name": "Require(3) node_modules/egg-jsonp/config/config.default.js",
    "start": 1675143215946,
    "end": 1675143215947,
    "duration": 1,
    "pid": 27724,
    "index": 7
  },
  {
    "name": "Require(4) node_modules/egg-onerror/config/config.default.js",
    "start": 1675143215947,
    "end": 1675143215947,
    "duration": 0,
    "pid": 27724,
    "index": 8
  },
  {
    "name": "Require(5) node_modules/egg-i18n/config/config.default.js",
    "start": 1675143215948,
    "end": 1675143215948,
    "duration": 0,
    "pid": 27724,
    "index": 9
  },
  {
    "name": "Require(6) node_modules/egg-watcher/config/config.default.js",
    "start": 1675143215949,
    "end": 1675143215949,
    "duration": 0,
    "pid": 27724,
    "index": 10
  },
  {
    "name": "Require(7) node_modules/egg-schedule/config/config.default.js",
    "start": 1675143215949,
    "end": 1675143215950,
    "duration": 1,
    "pid": 27724,
    "index": 11
  },
  {
    "name": "Require(8) node_modules/egg-multipart/config/config.default.js",
    "start": 1675143215951,
    "end": 1675143215951,
    "duration": 0,
    "pid": 27724,
    "index": 12
  },
  {
    "name": "Require(9) node_modules/egg-development/config/config.default.js",
    "start": 1675143215952,
    "end": 1675143215952,
    "duration": 0,
    "pid": 27724,
    "index": 13
  },
  {
    "name": "Require(10) node_modules/egg-logrotator/config/config.default.js",
    "start": 1675143215953,
    "end": 1675143215953,
    "duration": 0,
    "pid": 27724,
    "index": 14
  },
  {
    "name": "Require(11) node_modules/egg-static/config/config.default.js",
    "start": 1675143215953,
    "end": 1675143215954,
    "duration": 1,
    "pid": 27724,
    "index": 15
  },
  {
    "name": "Require(12) node_modules/egg-view/config/config.default.js",
    "start": 1675143215954,
    "end": 1675143215955,
    "duration": 1,
    "pid": 27724,
    "index": 16
  },
  {
    "name": "Require(13) node_modules/egg-view-nunjucks/config/config.default.js",
    "start": 1675143215955,
    "end": 1675143215956,
    "duration": 1,
    "pid": 27724,
    "index": 17
  },
  {
    "name": "Require(14) node_modules/egg-mongoose/config/config.default.js",
    "start": 1675143215956,
    "end": 1675143215956,
    "duration": 0,
    "pid": 27724,
    "index": 18
  },
  {
    "name": "Require(15) node_modules/egg-cors/config/config.default.js",
    "start": 1675143215957,
    "end": 1675143215957,
    "duration": 0,
    "pid": 27724,
    "index": 19
  },
  {
    "name": "Require(16) node_modules/egg-jwt/config/config.default.js",
    "start": 1675143215958,
    "end": 1675143215958,
    "duration": 0,
    "pid": 27724,
    "index": 20
  },
  {
    "name": "Require(17) node_modules/egg/config/config.default.js",
    "start": 1675143215959,
    "end": 1675143215959,
    "duration": 0,
    "pid": 27724,
    "index": 21
  },
  {
    "name": "Require(18) config/config.default.js",
    "start": 1675143215960,
    "end": 1675143215960,
    "duration": 0,
    "pid": 27724,
    "index": 22
  },
  {
    "name": "Require(19) node_modules/egg-security/config/config.local.js",
    "start": 1675143215961,
    "end": 1675143215961,
    "duration": 0,
    "pid": 27724,
    "index": 23
  },
  {
    "name": "Require(20) node_modules/egg-watcher/config/config.local.js",
    "start": 1675143215962,
    "end": 1675143215962,
    "duration": 0,
    "pid": 27724,
    "index": 24
  },
  {
    "name": "Require(21) node_modules/egg-view/config/config.local.js",
    "start": 1675143215964,
    "end": 1675143215964,
    "duration": 0,
    "pid": 27724,
    "index": 25
  },
  {
    "name": "Require(22) node_modules/egg-view-nunjucks/config/config.local.js",
    "start": 1675143215964,
    "end": 1675143215965,
    "duration": 1,
    "pid": 27724,
    "index": 26
  },
  {
    "name": "Require(23) node_modules/egg/config/config.local.js",
    "start": 1675143215966,
    "end": 1675143215966,
    "duration": 0,
    "pid": 27724,
    "index": 27
  },
  {
    "name": "Load extend/application.js",
    "start": 1675143215967,
    "end": 1675143216065,
    "duration": 98,
    "pid": 27724,
    "index": 28
  },
  {
    "name": "Require(24) node_modules/egg-session/app/extend/application.js",
    "start": 1675143215968,
    "end": 1675143215968,
    "duration": 0,
    "pid": 27724,
    "index": 29
  },
  {
    "name": "Require(25) node_modules/egg-security/app/extend/application.js",
    "start": 1675143215968,
    "end": 1675143215970,
    "duration": 2,
    "pid": 27724,
    "index": 30
  },
  {
    "name": "Require(26) node_modules/egg-jsonp/app/extend/application.js",
    "start": 1675143215970,
    "end": 1675143215972,
    "duration": 2,
    "pid": 27724,
    "index": 31
  },
  {
    "name": "Require(27) node_modules/egg-schedule/app/extend/application.js",
    "start": 1675143215973,
    "end": 1675143215976,
    "duration": 3,
    "pid": 27724,
    "index": 32
  },
  {
    "name": "Require(28) node_modules/egg-logrotator/app/extend/application.js",
    "start": 1675143215977,
    "end": 1675143215978,
    "duration": 1,
    "pid": 27724,
    "index": 33
  },
  {
    "name": "Require(29) node_modules/egg-view/app/extend/application.js",
    "start": 1675143215979,
    "end": 1675143215980,
    "duration": 1,
    "pid": 27724,
    "index": 34
  },
  {
    "name": "Require(30) node_modules/egg-view-nunjucks/app/extend/application.js",
    "start": 1675143215981,
    "end": 1675143216007,
    "duration": 26,
    "pid": 27724,
    "index": 35
  },
  {
    "name": "Require(31) node_modules/egg-jwt/app/extend/application.js",
    "start": 1675143216008,
    "end": 1675143216060,
    "duration": 52,
    "pid": 27724,
    "index": 36
  },
  {
    "name": "Load extend/request.js",
    "start": 1675143216065,
    "end": 1675143216074,
    "duration": 9,
    "pid": 27724,
    "index": 37
  },
  {
    "name": "Require(32) node_modules/egg/app/extend/request.js",
    "start": 1675143216069,
    "end": 1675143216069,
    "duration": 0,
    "pid": 27724,
    "index": 38
  },
  {
    "name": "Load extend/response.js",
    "start": 1675143216074,
    "end": 1675143216083,
    "duration": 9,
    "pid": 27724,
    "index": 39
  },
  {
    "name": "Require(33) node_modules/egg/app/extend/response.js",
    "start": 1675143216078,
    "end": 1675143216079,
    "duration": 1,
    "pid": 27724,
    "index": 40
  },
  {
    "name": "Load extend/context.js",
    "start": 1675143216083,
    "end": 1675143216117,
    "duration": 34,
    "pid": 27724,
    "index": 41
  },
  {
    "name": "Require(34) node_modules/egg-security/app/extend/context.js",
    "start": 1675143216084,
    "end": 1675143216094,
    "duration": 10,
    "pid": 27724,
    "index": 42
  },
  {
    "name": "Require(35) node_modules/egg-jsonp/app/extend/context.js",
    "start": 1675143216094,
    "end": 1675143216096,
    "duration": 2,
    "pid": 27724,
    "index": 43
  },
  {
    "name": "Require(36) node_modules/egg-i18n/app/extend/context.js",
    "start": 1675143216096,
    "end": 1675143216097,
    "duration": 1,
    "pid": 27724,
    "index": 44
  },
  {
    "name": "Require(37) node_modules/egg-multipart/app/extend/context.js",
    "start": 1675143216097,
    "end": 1675143216108,
    "duration": 11,
    "pid": 27724,
    "index": 45
  },
  {
    "name": "Require(38) node_modules/egg-view/app/extend/context.js",
    "start": 1675143216109,
    "end": 1675143216110,
    "duration": 1,
    "pid": 27724,
    "index": 46
  },
  {
    "name": "Require(39) node_modules/egg-mongoose/app/extend/context.js",
    "start": 1675143216110,
    "end": 1675143216111,
    "duration": 1,
    "pid": 27724,
    "index": 47
  },
  {
    "name": "Require(40) node_modules/egg/app/extend/context.js",
    "start": 1675143216111,
    "end": 1675143216113,
    "duration": 2,
    "pid": 27724,
    "index": 48
  },
  {
    "name": "Load extend/helper.js",
    "start": 1675143216117,
    "end": 1675143216255,
    "duration": 138,
    "pid": 27724,
    "index": 49
  },
  {
    "name": "Require(41) node_modules/egg-security/app/extend/helper.js",
    "start": 1675143216117,
    "end": 1675143216147,
    "duration": 30,
    "pid": 27724,
    "index": 50
  },
  {
    "name": "Require(42) node_modules/egg/app/extend/helper.js",
    "start": 1675143216151,
    "end": 1675143216151,
    "duration": 0,
    "pid": 27724,
    "index": 51
  },
  {
    "name": "Require(43) app/extend/helper.js",
    "start": 1675143216151,
    "end": 1675143216251,
    "duration": 100,
    "pid": 27724,
    "index": 52
  },
  {
    "name": "Load app.js",
    "start": 1675143216256,
    "end": 1675143216292,
    "duration": 36,
    "pid": 27724,
    "index": 53
  },
  {
    "name": "Require(44) node_modules/egg-session/app.js",
    "start": 1675143216256,
    "end": 1675143216256,
    "duration": 0,
    "pid": 27724,
    "index": 54
  },
  {
    "name": "Require(45) node_modules/egg-security/app.js",
    "start": 1675143216256,
    "end": 1675143216258,
    "duration": 2,
    "pid": 27724,
    "index": 55
  },
  {
    "name": "Require(46) node_modules/egg-onerror/app.js",
    "start": 1675143216259,
    "end": 1675143216268,
    "duration": 9,
    "pid": 27724,
    "index": 56
  },
  {
    "name": "Require(47) node_modules/egg-i18n/app.js",
    "start": 1675143216268,
    "end": 1675143216280,
    "duration": 12,
    "pid": 27724,
    "index": 57
  },
  {
    "name": "Require(48) node_modules/egg-watcher/app.js",
    "start": 1675143216281,
    "end": 1675143216284,
    "duration": 3,
    "pid": 27724,
    "index": 58
  },
  {
    "name": "Require(49) node_modules/egg-schedule/app.js",
    "start": 1675143216284,
    "end": 1675143216285,
    "duration": 1,
    "pid": 27724,
    "index": 59
  },
  {
    "name": "Require(50) node_modules/egg-multipart/app.js",
    "start": 1675143216285,
    "end": 1675143216286,
    "duration": 1,
    "pid": 27724,
    "index": 60
  },
  {
    "name": "Require(51) node_modules/egg-development/app.js",
    "start": 1675143216287,
    "end": 1675143216287,
    "duration": 0,
    "pid": 27724,
    "index": 61
  },
  {
    "name": "Require(52) node_modules/egg-logrotator/app.js",
    "start": 1675143216287,
    "end": 1675143216288,
    "duration": 1,
    "pid": 27724,
    "index": 62
  },
  {
    "name": "Require(53) node_modules/egg-static/app.js",
    "start": 1675143216288,
    "end": 1675143216288,
    "duration": 0,
    "pid": 27724,
    "index": 63
  },
  {
    "name": "Require(54) node_modules/egg-view-nunjucks/app.js",
    "start": 1675143216289,
    "end": 1675143216289,
    "duration": 0,
    "pid": 27724,
    "index": 64
  },
  {
    "name": "Require(55) node_modules/egg-mongoose/app.js",
    "start": 1675143216289,
    "end": 1675143216290,
    "duration": 1,
    "pid": 27724,
    "index": 65
  },
  {
    "name": "Require(56) node_modules/egg-cors/app.js",
    "start": 1675143216290,
    "end": 1675143216290,
    "duration": 0,
    "pid": 27724,
    "index": 66
  },
  {
    "name": "Require(57) node_modules/egg-jwt/app.js",
    "start": 1675143216291,
    "end": 1675143216291,
    "duration": 0,
    "pid": 27724,
    "index": 67
  },
  {
    "name": "Before Start in node_modules/egg-watcher/lib/init.js:15:14",
    "start": 1675143216298,
    "end": 1675143216900,
    "duration": 602,
    "pid": 27724,
    "index": 68
  },
  {
    "name": "Before Start in node_modules/egg-mongoose/lib/mongoose.js:104:7",
    "start": 1675143216714,
    "end": 1675143216899,
    "duration": 185,
    "pid": 27724,
    "index": 69
  },
  {
    "name": "Before Start in node_modules/egg-mongoose/lib/mongoose.js:52:9",
    "start": 1675143216714,
    "end": 1675143216879,
    "duration": 165,
    "pid": 27724,
    "index": 70
  },
  {
    "name": "Load Service",
    "start": 1675143216715,
    "end": 1675143216745,
    "duration": 30,
    "pid": 27724,
    "index": 71
  },
  {
    "name": "Load \"service\" to Context",
    "start": 1675143216715,
    "end": 1675143216745,
    "duration": 30,
    "pid": 27724,
    "index": 72
  },
  {
    "name": "Load Middleware",
    "start": 1675143216745,
    "end": 1675143216841,
    "duration": 96,
    "pid": 27724,
    "index": 73
  },
  {
    "name": "Load \"middlewares\" to Application",
    "start": 1675143216745,
    "end": 1675143216831,
    "duration": 86,
    "pid": 27724,
    "index": 74
  },
  {
    "name": "Load Controller",
    "start": 1675143216841,
    "end": 1675143216844,
    "duration": 3,
    "pid": 27724,
    "index": 75
  },
  {
    "name": "Load \"controller\" to Application",
    "start": 1675143216841,
    "end": 1675143216844,
    "duration": 3,
    "pid": 27724,
    "index": 76
  },
  {
    "name": "Load Router",
    "start": 1675143216844,
    "end": 1675143216847,
    "duration": 3,
    "pid": 27724,
    "index": 77
  },
  {
    "name": "Require(58) app/router.js",
    "start": 1675143216845,
    "end": 1675143216845,
    "duration": 0,
    "pid": 27724,
    "index": 78
  },
  {
    "name": "Before Start in node_modules/egg-core/lib/egg.js:304:10",
    "start": 1675143216845,
    "end": 1675143216879,
    "duration": 34,
    "pid": 27724,
    "index": 79
  },
  {
    "name": "Load \"model\" to Application",
    "start": 1675143216856,
    "end": 1675143216878,
    "duration": 22,
    "pid": 27724,
    "index": 80
  }
]